Record_ID,Customer_Name,House_Type,Family_Members_or_Staff,Number_of_Rooms_or_Units,AC_Usage_Hours,Fan_Usage_Hours,Refrigerator_Usage_Hours,Washing_Machine_Usage_Hours,Water_Motor_Usage_Hours,Lighting_Hours,Daily_Appliance_Count,Machinery_Load_kW,Machinery_Usage_Hours,Outdoor_Temperature_C,Day_of_Week,Season,Is_Holiday,Electricity_Unit_Price,Daily_Electricity_Consumption_kWh
HH0001,Junaid Jamshed Outlet,Outlet,7,3,7.7,9.4,23.5,0.0,0.59,13.5,28,0.0,0.0,34.1,Wednesday,Summer,0,72,27.46
HH0002,Bata Shoe Outlet,Outlet,9,5,2.4,2.4,23.0,0.0,0.65,14.9,16,0.0,0.0,16.9,Tuesday,Winter,0,72,18.22
HH0003,Khaadi Outlet,Outlet,3,5,5.9,14.5,22.3,0.0,0.68,11.8,29,0.0,0.0,23.6,Tuesday,Spring,0,72,28.05
HH0004,Kiran Qureshi,Independent House,5,5,0.0,9.0,23.1,0.97,0.49,5.5,5,0.0,0.0,14.7,Saturday,Winter,1,33,12.24
HH0005,Maria Raza,Apartment,5,4,5.3,,23.0,2.75,0.68,5.9,13,0.0,0.0,29.8,Saturday,Monsoon,1,35,20.54
HH0006,Noor Mirza,Apartment,4,5,4.9,17.5,24.0,0.43,0.19,8.9,14,0.0,0.0,31.9,Friday,Summer,0,35,26.5
HH0007,Fahad Iqbal,Independent House,6,5,0.6,9.9,23.4,0.76,0.41,6.0,4,0.0,0.0,19.1,Saturday,Winter,1,33,15.4
HH0008,Bilal Butt,Independent House,6,7,4.9,13.3,23.8,0.25,0.67,9.5,10,0.0,0.0,36.5,Wednesday,Summer,0,33,27.14
HH0009,Sajjad Hashmi,Villa,5,6,7.7,10.1,24.0,0.06,0.41,,8,0.0,0.0,36.8,Monday,Summer,0,30,26.97
HH0010,Naveed Ali,Independent House,2,2,6.9,12.6,22.5,1.27,0.37,5.8,5,0.0,0.0,30.9,Sunday,Monsoon,1,33,19.42
HH0011,Al-Noor Plastic Industry,Industry,70,7,11.2,9.4,24.0,0.0,3.15,11.1,16,78.9,11.0,36.0,Saturday,Summer,1,58,582.01
HH0012,Al-Madina General Store,General Store,4,4,11.2,9.1,21.3,0.0,0.68,8.9,18,0.0,0.0,37.6,Sunday,Summer,1,48,30.33
HH0013,Fahad Ali,Independent House,3,5,9.9,8.8,22.8,0.48,0.36,5.8,4,0.0,0.0,43.6,Tuesday,Summer,0,33,26.61
HH0014,Servis Shoe Outlet,Outlet,8,4,7.2,11.7,24.0,0.0,0.63,12.7,9,0.0,0.0,42.4,Friday,Summer,0,72,27.41
HH0015,Kamran Soomro,Villa,3,5,2.5,12.2,23.1,0.25,0.5,7.1,7,0.0,0.0,27.2,Tuesday,Spring,0,30,17.56
HH0016,Iqra Awan,Apartment,3,4,11.2,13.8,22.8,0.66,0.3,8.9,4,0.0,0.0,38.9,Wednesday,Summer,1,35,29.38
HH0017,Shahzad Hashmi,Independent House,5,5,3.7,9.0,23.3,0.2,0.28,8.5,7,0.0,0.0,33.0,Wednesday,Summer,0,33,18.93
HH0018,Al-Karam Store,General Store,4,1,2.2,2.8,23.6,0.0,0.25,11.5,10,0.0,0.0,15.7,Wednesday,Winter,0,48,11.09
HH0019,Asma Baig,Apartment,4,4,0.0,10.8,22.4,0.98,0.6,4.8,5,0.0,0.0,9.6,Saturday,Winter,1,35,11.73
HH0020,Bilal Hussain,Apartment,4,5,4.4,11.0,22.8,0.14,0.24,5.9,6,0.0,0.0,34.1,Thursday,Monsoon,0,35,18.25
HH0021,Farah Chaudhry,Apartment,3,4,0.0,9.4,22.9,0.28,0.36,4.1,14,0.0,0.0,14.3,Tuesday,Winter,0,35,11.91
HH0022,Waqas Malik,Apartment,3,2,2.8,7.0,22.3,1.28,0.45,6.7,14,0.0,0.0,26.5,Saturday,Spring,1,35,14.95
HH0023,Bismillah Kiryana Store,General Store,1,4,7.2,10.6,22.7,0.0,0.18,10.9,22,0.0,0.0,28.7,Tuesday,Spring,0,48,24.46
HH0024,Tayyaba Soomro,Apartment,5,5,3.0,14.5,23.0,0.01,0.65,7.0,5,0.0,0.0,25.8,Friday,Monsoon,0,35,19.36
HH0025,Noor Baig,Villa,7,6,8.4,10.9,23.4,4.0,0.63,6.7,4,0.0,0.0,39.1,Tuesday,Summer,0,30,28.79
HH0026,Yasir Sheikh,Villa,5,7,13.5,13.0,22.0,0.62,0.42,9.8,10,0.0,0.0,47.2,Saturday,Summer,1,30,37.99
HH0027,Noor Baig,Independent House,3,6,6.3,18.0,21.4,2.64,0.36,7.4,7,0.0,0.0,36.7,Thursday,Summer,1,33,31.47
HH0028,Bata Shoe Outlet,Outlet,5,5,9.8,9.2,23.9,0.0,0.54,11.6,22,0.0,0.0,37.8,Sunday,Summer,1,72,33.36
HH0029,Imran Soomro,Independent House,4,3,0.0,8.8,22.4,0.78,0.59,4.5,13,0.0,0.0,19.2,Saturday,Winter,1,33,10.21
HH0030,Maria Gill,Villa,3,8,7.3,12.7,23.2,0.74,0.52,7.8,7,0.0,0.0,37.7,Monday,Summer,0,30,24.99
HH0031,City General Store,General Store,4,3,2.7,7.2,22.7,0.0,0.44,13.4,20,0.0,0.0,7.8,Wednesday,Winter,0,48,18.79
HH0032,Al-Rehman General Store,General Store,4,2,1.3,1.2,22.9,0.0,0.2,8.9,10,0.0,0.0,13.5,Saturday,Winter,1,48,9.89
HH0033,Sara Sultan,Villa,6,6,7.2,8.7,22.4,2.23,0.71,8.6,13,0.0,0.0,33.4,Saturday,Summer,1,30,27.71
HH0034,Punjab Rice Industry,Industry,54,9,9.0,8.7,22.1,0.0,2.42,11.0,28,63.8,9.5,37.1,Tuesday,Summer,0,58,422.02
HH0035,Rizwan Niazi,Independent House,5,4,0.0,9.5,22.7,0.31,0.59,7.0,9,0.0,0.0,20.6,Monday,Spring,0,33,11.3
HH0036,Bismillah Kiryana Store,General Store,2,2,5.3,11.6,23.2,0.0,0.44,10.2,29,0.0,0.0,26.1,Saturday,Spring,1,48,20.69
HH0037,Amna Khan,Independent House,2,5,0.4,9.8,23.8,0.67,0.54,7.1,8,0.0,0.0,26.7,Tuesday,Monsoon,0,33,13.26
HH0038,National Leather Industry,Industry,51,8,12.7,12.7,23.2,0.0,2.39,12.2,24,43.2,7.7,33.5,Saturday,Summer,1,58,262.72
HH0039,Hassan Durrani,Apartment,1,3,9.9,4.5,23.4,0.23,0.21,6.6,4,0.0,0.0,43.8,Friday,Summer,0,35,22.65
HH0040,Al-Hamd Textile Factory,Factory,114,10,5.0,9.0,22.6,0.0,4.94,10.6,23,88.4,12.4,19.0,Saturday,Winter,1,82,733.01
HH0041,Bushra Ali,Independent House,2,5,8.7,10.0,23.1,1.35,0.5,7.0,11,0.0,0.0,37.8,Thursday,Summer,0,33,25.59
HH0042,Faizan General Store,General Store,3,4,7.6,,22.6,0.0,0.18,8.9,14,0.0,0.0,28.3,Thursday,Spring,0,48,27.37
HH0043,Tariq Qureshi,Independent House,4,6,8.0,7.0,22.2,0.63,0.1,8.6,5,0.0,0.0,40.4,Friday,Summer,0,33,25.19
HH0044,Ahmed Ali,Independent House,2,2,8.4,6.5,23.1,0.3,0.56,8.0,14,0.0,0.0,38.5,Wednesday,Summer,0,33,18.68
HH0045,Adnan Baig,Apartment,2,4,5.6,8.5,24.0,0.95,0.48,5.2,14,0.0,0.0,35.2,Saturday,Monsoon,1,35,18.35
HH0046,Lahore Plastic Factory,Factory,91,12,5.2,9.8,23.4,0.0,4.06,12.1,13,59.0,9.1,23.7,Saturday,Monsoon,1,82,388.16
HH0047,Yasir Sheikh,Independent House,7,5,3.1,8.9,21.7,0.44,0.4,8.1,10,0.0,0.0,26.3,Wednesday,Spring,0,33,19.7
HH0048,Sadiq General Store,General Store,1,2,6.7,9.2,23.4,0.0,0.4,11.5,21,0.0,0.0,29.8,Wednesday,Summer,0,48,22.91
HH0049,Uzma Raza,Independent House,6,7,9.0,9.4,23.0,3.89,0.48,7.7,9,0.0,0.0,40.1,Sunday,Summer,1,33,33.44
HH0050,Sadiq General Store,General Store,1,3,1.6,6.7,24.0,0.0,0.1,13.9,11,0.0,0.0,5.0,Sunday,Winter,1,48,15.55
HH0051,Gul Ahmed Outlet,Outlet,6,4,11.6,13.4,23.8,0.0,0.71,11.4,8,0.0,0.0,42.7,Thursday,Summer,0,72,35.71
HH0052,Bilal Javed,Independent House,6,7,0.0,4.4,22.4,0.29,0.62,7.2,7,0.0,0.0,13.1,Monday,Winter,0,33,13.26
HH0053,Danish Siddiqui,Apartment,4,3,6.1,12.0,22.9,0.31,0.59,7.4,9,0.0,0.0,35.5,Friday,Summer,0,35,20.15
HH0054,Servis Shoe Outlet,Outlet,4,2,3.8,10.6,23.5,0.0,0.1,12.6,28,0.0,0.0,24.3,Tuesday,Monsoon,0,72,21.88
HH0055,Rukhsana Rana,Independent House,5,3,9.4,7.9,22.2,0.54,0.68,6.3,9,0.0,0.0,37.4,Sunday,Summer,1,33,26.79
HH0056,Tariq Zaidi,Apartment,5,2,0.0,4.7,23.1,0.64,0.48,9.1,5,0.0,0.0,15.2,Tuesday,Winter,0,35,9.05
HH0057,Hamza Rana,Independent House,7,4,0.0,8.5,22.4,0.35,0.87,8.1,5,0.0,0.0,17.2,Wednesday,Winter,0,33,13.4
HH0058,Komal Siddiqui,Villa,7,6,5.8,8.9,23.5,0.23,0.34,9.2,11,0.0,0.0,40.8,Thursday,Summer,0,30,24.59
HH0059,Tariq Javed,Independent House,4,4,3.1,11.3,22.8,0.22,0.5,4.8,13,0.0,0.0,28.1,Monday,Spring,0,33,16.89
HH0060,Noor General Store,General Store,3,2,2.6,3.6,23.2,0.0,0.56,13.9,14,0.0,0.0,16.0,Tuesday,Winter,0,48,15.24
HH0061,Ahmed Durrani,Apartment,1,2,4.7,6.8,23.2,0.06,0.51,10.3,5,0.0,0.0,27.9,Monday,Monsoon,0,35,13.78
HH0062,Punjab Rice Industry,Industry,39,7,2.9,8.6,22.4,0.0,1.84,10.5,8,56.4,11.4,17.1,Sunday,Winter,1,58,418.02
HH0063,Khaadi Outlet,Outlet,8,4,2.0,5.1,23.9,0.0,0.52,12.6,17,0.0,0.0,18.9,Monday,Winter,0,72,20.19
HH0064,Waqas Rana,Villa,3,5,1.1,8.7,22.9,2.47,0.54,8.3,11,0.0,0.0,26.3,Friday,Monsoon,0,30,18.37
HH0065,Sara Baig,Apartment,4,5,4.2,13.7,23.1,2.6,0.37,7.4,13,0.0,0.0,32.6,Sunday,Summer,1,35,22.54
HH0066,Fatima Baloch,Villa,6,7,0.0,0.1,22.9,0.14,0.55,5.0,5,0.0,0.0,14.2,Monday,Winter,0,30,8.12
HH0067,Salman Raza,Apartment,3,3,0.0,5.0,22.8,0.19,0.18,3.7,13,0.0,0.0,14.2,Friday,Winter,0,35,11.02
HH0068,Metro Engineering Industry,Industry,70,8,12.9,14.6,22.2,0.0,2.93,12.2,20,51.5,9.2,41.2,Sunday,Summer,1,58,352.24
HH0069,Rimsha Bhatti,Villa,3,5,0.0,10.6,23.4,0.88,0.11,5.5,9,0.0,0.0,,Sunday,Spring,1,30,15.01
HH0070,Sapphire Retail Outlet,Outlet,9,3,8.7,10.2,23.9,0.0,0.67,11.3,16,0.0,0.0,35.2,Wednesday,Summer,0,72,26.82
HH0071,Imran Gill,Independent House,2,3,5.9,10.6,23.9,0.5,0.29,6.6,12,0.0,0.0,37.0,Thursday,Summer,0,33,20.17
HH0072,Asad Hussain,Independent House,5,4,0.0,2.8,22.2,0.65,0.37,9.3,5,0.0,0.0,12.6,Thursday,Winter,0,33,11.48
HH0073,Junaid Abbasi,Apartment,4,3,0.0,10.6,23.6,0.52,0.56,9.1,8,0.0,0.0,12.4,Friday,Winter,0,35,11.32
HH0074,Junaid Jamshed Outlet,Outlet,5,3,5.9,7.4,21.8,0.0,0.25,9.0,13,0.0,0.0,29.1,Monday,Monsoon,0,72,22.3
HH0075,Ali Siddiqui,Villa,3,8,0.0,10.2,23.3,0.46,0.28,8.1,4,0.0,0.0,15.5,Wednesday,Winter,0,30,15.97
HH0076,Faisal Farooq,Apartment,1,4,3.4,9.8,22.6,0.43,0.3,6.1,9,0.0,0.0,26.2,Friday,Monsoon,1,35,13.8
HH0077,Khaadi Outlet,Outlet,3,2,6.5,5.9,21.9,0.0,0.45,12.3,12,0.0,0.0,30.0,Monday,Monsoon,0,72,18.85
HH0078,Rehman Kiryana Store,General Store,4,4,4.1,8.1,22.7,0.0,0.25,11.3,20,0.0,0.0,22.6,Wednesday,Winter,0,48,20.38
HH0079,Sajjad Javed,Independent House,3,3,6.2,8.1,22.4,0.9,0.1,7.2,9,0.0,0.0,39.1,Monday,Summer,0,33,18.46
HH0080,Amna Awan,Villa,6,9,7.5,15.5,24.0,1.75,0.77,11.0,13,0.0,0.0,38.0,Sunday,Summer,1,30,40.57
HH0081,Sadiq General Store,General Store,2,2,2.9,9.0,22.8,0.0,0.55,11.2,9,0.0,0.0,21.6,Friday,Winter,0,48,13.82
HH0082,Faisalabad Textile Industry,Industry,22,9,12.2,13.4,23.9,0.0,1.22,10.1,10,34.9,6.0,33.2,Saturday,Monsoon,1,58,172.59
HH0083,Sajjad Baig,Villa,7,7,2.7,11.9,23.6,0.79,0.41,6.2,9,0.0,0.0,26.8,Saturday,Monsoon,1,30,21.67
HH0084,Arslan Ahmed,Villa,8,8,0.0,7.4,22.0,0.65,0.79,7.4,4,0.0,0.0,18.7,Tuesday,Winter,0,30,15.51
HH0085,Salman Butt,Independent House,2,3,11.2,9.5,21.9,2.09,0.19,8.6,10,0.0,0.0,41.2,Saturday,Summer,1,33,29.62
HH0086,Gul Ahmed Outlet,Outlet,5,4,1.8,9.2,22.3,0.0,0.44,11.3,26,0.0,0.0,17.3,Thursday,Winter,0,72,21.04
HH0087,Nadeem Mirza,Independent House,4,3,13.5,16.4,23.6,0.38,0.61,6.2,7,0.0,0.0,48.0,Tuesday,Summer,0,33,30.74
HH0088,Adnan Sheikh,Independent House,7,4,6.4,13.4,24.0,0.97,0.64,4.9,10,0.0,0.0,38.3,Monday,Summer,0,33,21.27
HH0089,Sialkot Sports Industry,Industry,19,6,10.5,13.7,22.5,0.0,1.09,10.6,23,54.3,6.9,31.8,Tuesday,Monsoon,0,58,263.94
HH0090,Al-Fateh Steel Industry,Industry,22,6,9.5,11.4,22.6,0.0,1.15,13.7,16,46.7,10.7,33.3,Monday,Spring,0,58,342.07
HH0091,Lahore Plastic Factory,Factory,78,13,3.6,7.5,23.0,0.0,3.49,15.3,15,62.8,10.2,25.3,Tuesday,Spring,0,82,447.25
HH0092,Uzma Mirza,Apartment,1,2,3.8,7.2,23.5,1.27,0.8,7.2,13,0.0,0.0,27.6,Tuesday,Monsoon,0,35,17.39
HH0093,Ahmed Raza,Independent House,4,5,0.0,7.0,23.2,1.22,0.6,9.8,14,0.0,0.0,13.6,Saturday,Winter,1,33,16.67
HH0094,Farah Abbasi,Apartment,2,2,6.5,9.7,23.6,0.64,0.46,,5,0.0,0.0,37.3,Friday,Summer,0,35,19.11
HH0095,Bushra Farooq,Apartment,3,2,1.0,12.3,24.0,1.38,0.36,3.6,6,0.0,0.0,25.3,Friday,Monsoon,0,35,11.66
HH0096,Saima Abbasi,Independent House,7,6,9.3,8.3,22.6,0.97,0.63,9.2,4,0.0,0.0,38.0,Thursday,Summer,0,33,28.95
HH0097,Hira Malik,Independent House,5,6,,16.4,22.1,0.09,0.41,5.4,11,0.0,0.0,30.5,Monday,Monsoon,0,33,21.65
HH0098,Bismillah Kiryana Store,General Store,3,1,2.7,3.0,23.2,0.0,0.53,10.8,13,0.0,0.0,12.1,Monday,Winter,0,48,13.93
HH0099,Sialkot Sports Industry,Industry,38,8,8.1,11.5,22.5,0.0,1.77,14.9,18,22.6,9.2,36.8,Wednesday,Summer,0,58,175.7
HH0100,Faizan General Store,General Store,3,2,2.9,3.4,23.2,0.0,0.41,10.6,8,0.0,0.0,14.4,Tuesday,Winter,0,48,12.8
HH0101,Junaid Mirza,Independent House,3,4,6.1,11.9,23.4,0.7,0.55,6.3,11,0.0,0.0,38.4,Thursday,Summer,0,33,21.34
HH0102,Al-Aziz Industry,Industry,77,6,4.0,13.5,22.1,0.0,3.37,11.5,20,25.6,6.2,24.7,Saturday,Monsoon,1,58,149.43
HH0103,Iqra Rana,Apartment,5,4,1.8,9.5,22.6,0.88,0.45,7.9,12,0.0,0.0,27.9,Tuesday,Monsoon,0,35,18.62
HH0104,New Metro Store,General Store,1,2,4.9,4.8,22.7,0.0,0.2,12.7,17,0.0,0.0,30.4,Monday,Monsoon,0,48,19.51
HH0105,Sialkot Sports Factory,Factory,27,12,9.8,11.7,22.6,0.0,1.69,14.7,21,107.4,13.7,35.0,Wednesday,Summer,0,82,935.22
HH0106,Hassan Hashmi,Villa,4,8,1.5,5.7,23.0,0.53,0.5,7.9,9,0.0,0.0,,Friday,Spring,0,30,17.68
HH0107,Saima Chaudhry,Apartment,5,3,5.4,12.7,23.8,0.47,0.45,5.5,12,0.0,0.0,35.1,Friday,Summer,0,35,21.26
HH0108,Ali Zaidi,Independent House,4,6,0.0,9.5,22.8,0.79,0.28,10.3,4,0.0,0.0,20.3,Sunday,Spring,1,33,15.31
HH0109,Samina Khan,Apartment,1,2,4.6,13.0,22.7,0.88,0.33,6.3,6,0.0,0.0,35.0,Saturday,Summer,1,35,15.16
HH0110,Millat Tractors Factory,Factory,54,12,5.2,5.8,23.3,0.0,2.45,13.9,19,59.1,13.6,13.6,Sunday,Winter,1,82,532.88
HH0111,Bilal Farooq,Apartment,5,4,7.6,10.7,23.5,0.56,0.28,6.6,14,0.0,0.0,40.0,Thursday,Summer,0,35,27.41
HH0112,Al-Madina General Store,General Store,1,1,9.0,12.3,23.7,0.0,0.43,8.2,13,0.0,0.0,36.0,Friday,Summer,0,48,22.13
HH0113,Farah Rathore,Apartment,2,1,4.4,9.5,23.0,2.29,0.41,5.7,6,0.0,0.0,35.3,Wednesday,Summer,1,35,15.97
HH0114,Komal Yousaf,Apartment,4,2,10.4,13.8,23.6,0.34,0.26,7.3,9,0.0,0.0,40.6,Wednesday,Summer,0,35,27.0
HH0115,Nadia Rathore,Independent House,6,6,11.2,8.6,23.3,1.27,0.4,4.8,6,0.0,0.0,41.6,Saturday,Summer,1,33,33.63
HH0116,Salman Awan,Independent House,5,4,0.0,6.7,23.6,0.09,0.67,8.4,10,0.0,0.0,14.3,Monday,Winter,0,33,11.91
HH0117,Zeeshan Javed,Independent House,2,3,7.5,9.4,24.0,0.25,0.37,6.1,9,0.0,0.0,37.0,Friday,Summer,0,33,23.64
HH0118,Lahore Plastic Factory,Factory,54,10,3.1,5.4,23.1,0.0,2.43,11.3,19,46.9,15.3,13.1,Thursday,Winter,0,82,476.02
HH0119,Fatima Sheikh,Villa,8,6,9.4,6.8,23.6,0.01,0.57,8.0,14,0.0,0.0,42.9,Tuesday,Summer,0,30,29.27
HH0120,Bismillah Kiryana Store,General Store,2,2,7.5,14.1,23.0,0.0,0.33,12.5,23,0.0,0.0,33.1,Tuesday,Summer,0,48,28.04
HH0121,Faizan General Store,General Store,2,1,2.9,6.6,22.8,0.0,0.29,9.2,23,0.0,0.0,13.2,Thursday,Winter,0,48,14.57
HH0122,Hassan Zaidi,Apartment,3,3,0.0,6.3,23.1,0.61,0.45,6.6,14,0.0,0.0,11.8,Saturday,Winter,1,35,11.13
HH0123,Ayesha Baloch,Independent House,5,5,13.0,16.4,23.0,0.33,0.71,7.0,10,0.0,0.0,43.3,Monday,Summer,0,33,37.06
HH0124,Zeeshan Khan,Apartment,3,5,3.8,6.9,23.0,0.78,0.67,9.9,14,0.0,0.0,27.0,Sunday,Monsoon,1,35,20.1
HH0125,Khaadi Outlet,Outlet,5,2,13.5,13.4,23.8,0.0,0.39,12.5,12,0.0,0.0,41.2,Saturday,Summer,1,72,32.05
HH0126,Amna Chaudhry,Independent House,5,4,6.7,8.3,22.4,1.53,0.63,8.7,9,0.0,0.0,36.1,Saturday,Summer,1,33,21.39
HH0127,Star Textile Industry,Industry,15,8,3.7,5.3,23.5,0.0,0.81,10.9,20,32.7,12.7,23.8,Saturday,Spring,1,58,278.23
HH0128,Sapphire Retail Outlet,Outlet,4,3,4.9,9.2,22.9,0.0,0.33,9.9,20,0.0,0.0,27.7,Sunday,Monsoon,1,72,22.01
HH0129,Waqas Baig,Independent House,7,7,9.1,13.6,21.4,0.43,0.71,8.8,11,0.0,0.0,39.9,Wednesday,Summer,0,33,34.08
HH0130,Usman Malik,Independent House,6,6,0.0,1.0,23.4,0.98,0.68,5.0,13,0.0,0.0,16.3,Friday,Winter,0,33,9.4
HH0131,Al-Aziz Industry,Industry,74,9,4.6,6.1,23.6,0.0,3.2,13.6,15,79.0,11.2,17.1,Tuesday,Winter,0,58,582.66
HH0132,Usman Butt,Villa,4,7,10.6,11.0,23.2,0.71,0.61,11.2,4,0.0,0.0,39.0,Saturday,Summer,1,30,33.39
HH0133,Outfitters Outlet,Outlet,9,2,9.7,10.4,22.8,0.0,0.57,10.8,12,0.0,0.0,40.3,Wednesday,Summer,0,72,26.85
HH0134,Bismillah Kiryana Store,General Store,4,2,1.4,7.7,23.1,0.0,0.35,10.7,26,0.0,0.0,14.2,Sunday,Winter,1,48,15.39
HH0135,Tayyaba Sheikh,Apartment,1,3,0.0,4.4,23.4,1.62,0.52,5.0,10,0.0,0.0,17.9,Sunday,Winter,1,35,6.88
HH0136,Adnan Sultan,Apartment,3,3,1.4,11.0,23.4,0.01,0.62,7.3,14,0.0,0.0,24.3,Tuesday,Spring,0,35,12.61
HH0137,Fatima Qureshi,Villa,7,9,6.4,7.0,23.1,0.08,0.6,10.7,4,0.0,0.0,35.7,Friday,Summer,0,30,26.61
HH0138,Metro Cash Outlet,Outlet,5,3,9.2,5.8,23.9,0.0,0.61,8.4,16,0.0,0.0,37.3,Wednesday,Summer,0,72,26.79
HH0139,Rehman Kiryana Store,General Store,2,2,6.0,11.7,22.3,0.0,0.51,10.6,8,0.0,0.0,33.7,Wednesday,Summer,0,48,18.78
HH0140,Nadia Siddiqui,Apartment,2,1,3.2,18.8,23.4,0.93,0.49,6.8,12,0.0,0.0,30.6,Saturday,Summer,1,35,12.49
HH0141,Al-Madina General Store,General Store,4,1,7.0,9.8,22.6,0.0,0.6,13.4,18,0.0,0.0,35.0,Monday,Summer,0,48,42.24
HH0142,Asad Farooq,Independent House,5,6,5.6,5.9,22.1,0.74,0.56,7.1,14,0.0,0.0,29.9,Sunday,Summer,1,33,24.79
HH0143,Naveed Siddiqui,Apartment,1,3,5.9,10.9,22.9,0.33,0.59,6.0,13,0.0,0.0,36.9,Thursday,Summer,0,35,19.7
HH0144,Sidra Rathore,Villa,8,6,3.6,15.9,23.3,0.26,0.63,8.1,12,0.0,0.0,31.4,Wednesday,Monsoon,1,30,25.43
HH0145,Zeeshan Chaudhry,Apartment,5,4,2.5,14.3,23.3,0.11,0.41,7.4,6,0.0,0.0,32.4,Friday,Monsoon,0,35,17.08
HH0146,Anum Sheikh,Apartment,3,5,3.3,6.5,22.8,1.15,0.32,7.9,12,0.0,0.0,25.9,Saturday,Monsoon,1,35,32.57
HH0147,Rukhsana Sultan,Apartment,5,5,3.8,11.2,23.0,0.19,0.46,8.2,6,0.0,0.0,31.2,Monday,Summer,0,35,21.12
HH0148,Sana Niazi,Independent House,7,7,0.4,4.9,22.0,0.55,0.39,6.4,5,0.0,0.0,16.7,Sunday,Winter,1,33,12.14
HH0149,Al-Noor Plastic Industry,Industry,24,8,14.1,11.4,22.7,0.0,1.54,11.8,25,32.6,13.0,43.7,Sunday,Summer,1,58,308.74
HH0150,Faisalabad Textile Industry,Industry,31,7,4.9,6.6,22.9,0.0,1.73,15.4,23,49.4,15.6,27.3,Wednesday,Summer,0,58,500.5
HH0151,Sara Ali,Villa,4,5,7.9,8.6,22.6,0.84,0.5,9.0,8,0.0,0.0,37.6,Sunday,Summer,1,30,26.24
HH0152,Rukhsana Chaudhry,Apartment,1,2,0.0,1.2,22.1,0.57,0.27,5.5,14,0.0,0.0,6.5,Sunday,Winter,1,35,7.88
HH0153,Asad Yousaf,Villa,5,6,0.0,4.6,23.9,1.12,0.55,6.7,4,0.0,0.0,11.3,Thursday,Winter,0,30,10.37
HH0154,Bismillah Kiryana Store,General Store,2,3,11.5,12.7,22.9,0.0,0.4,14.1,20,0.0,0.0,39.3,Sunday,Summer,1,48,32.74
HH0155,Ravi Steel Factory,Factory,125,12,12.7,11.0,23.1,0.0,5.31,13.0,10,100.8,14.7,38.8,Wednesday,Summer,0,82,980.98
HH0156,Ayesha Iqbal,Independent House,3,3,2.4,6.4,22.4,0.71,0.31,8.7,8,0.0,0.0,25.9,Monday,Monsoon,1,33,11.61
HH0157,Chase Value Outlet,Outlet,3,3,2.7,4.4,22.7,0.0,0.55,11.6,23,0.0,0.0,24.6,Wednesday,Monsoon,0,72,16.86
HH0158,Uzma Durrani,Independent House,3,6,0.0,7.6,23.1,0.04,0.65,8.5,8,0.0,0.0,14.2,Tuesday,Winter,0,33,13.4
HH0159,Bilal Malik,Apartment,1,4,6.0,11.5,22.9,0.94,0.26,7.9,4,0.0,0.0,38.0,Friday,Summer,0,35,20.25
HH0160,Rehman Kiryana Store,General Store,4,1,2.4,4.8,23.2,0.0,0.13,9.4,22,0.0,0.0,10.2,Sunday,Winter,1,48,14.53
HH0161,Asma Ali,Independent House,4,3,11.4,9.2,22.6,0.82,0.6,7.6,11,0.0,0.0,48.0,Thursday,Summer,0,33,26.88
HH0162,Samina Gill,Apartment,1,3,0.0,6.1,23.6,0.71,0.2,5.9,10,0.0,0.0,7.5,Sunday,Winter,1,35,8.4
HH0163,Sadia Javed,Apartment,3,3,3.0,13.6,22.5,1.16,0.47,7.0,13,0.0,0.0,28.6,Friday,Monsoon,0,35,15.07
HH0164,Faisalabad Textile Industry,Industry,41,8,9.4,14.8,23.8,0.0,2.18,15.1,15,30.8,6.5,30.1,Monday,Monsoon,1,58,175.5
HH0165,Amna Iqbal,Apartment,3,3,7.6,12.3,23.5,0.67,0.51,3.7,11,0.0,0.0,38.5,Tuesday,Summer,0,35,22.05
HH0166,Sajjad Rathore,Apartment,5,4,2.3,9.1,22.3,0.17,0.48,7.2,5,0.0,0.0,33.0,Friday,Monsoon,0,35,14.02
HH0167,Zainab Hashmi,Apartment,2,4,2.3,9.9,22.9,0.31,0.22,8.7,14,0.0,0.0,27.0,Tuesday,Spring,0,35,15.35
HH0168,Ali Baig,Independent House,7,4,0.0,5.3,22.5,2.29,0.4,5.7,10,0.0,0.0,9.4,Thursday,Winter,0,33,14.61
HH0169,Komal Khan,Apartment,3,5,5.0,11.0,22.3,1.19,0.27,9.7,5,0.0,0.0,26.1,Saturday,Monsoon,1,35,23.38
HH0170,Saima Bhatti,Apartment,4,4,0.0,10.6,23.3,0.06,0.15,5.9,11,0.0,0.0,7.5,Wednesday,Winter,1,35,12.02
HH0171,Amna Rathore,Independent House,3,5,6.7,12.0,22.9,0.49,0.44,8.6,5,0.0,0.0,33.8,Monday,Monsoon,0,33,22.28
HH0172,Ayesha Javed,Apartment,5,2,0.0,5.8,24.0,0.53,0.53,5.1,12,0.0,0.0,14.3,Saturday,Winter,1,35,9.58
HH0173,Warda Niazi,Independent House,5,6,8.6,12.0,23.7,1.25,0.66,7.5,12,0.0,0.0,38.1,Monday,Summer,0,33,28.45
HH0174,Ravi Steel Factory,Factory,33,13,2.2,12.6,23.0,0.0,1.56,15.8,20,17.7,12.4,23.0,Monday,Monsoon,0,82,178.16
HH0175,Umar Yousaf,Independent House,6,7,0.0,12.8,23.1,1.48,0.6,7.3,9,0.0,0.0,15.2,Tuesday,Winter,0,33,18.83
HH0176,Al-Fateh Steel Industry,Industry,21,7,10.7,6.9,21.9,0.0,1.2,12.6,13,36.0,11.2,33.5,Tuesday,Summer,0,58,281.61
HH0177,Saad Siddiqui,Independent House,2,3,8.3,11.0,21.3,0.38,0.31,8.5,10,0.0,0.0,41.4,Tuesday,Summer,0,33,23.46
HH0178,Ahmed Raza,Villa,3,5,0.0,9.8,22.5,0.96,0.41,7.9,11,0.0,0.0,12.0,Wednesday,Winter,0,30,12.26
HH0179,Sara Butt,Independent House,3,4,6.9,7.6,23.5,0.52,0.68,9.5,11,0.0,0.0,36.4,Friday,Summer,0,33,22.25
HH0180,Hussain Abbasi,Independent House,7,5,0.0,9.2,23.8,0.54,0.61,7.9,13,0.0,0.0,10.1,Monday,Winter,0,33,16.65
HH0181,Mehwish Awan,Apartment,4,2,8.4,13.1,22.5,0.88,0.53,4.2,5,0.0,0.0,36.6,Saturday,Summer,1,35,21.1
HH0182,Outfitters Outlet,Outlet,5,4,10.8,12.5,22.4,0.0,0.62,9.8,15,0.0,0.0,41.1,Thursday,Summer,0,72,33.15
HH0183,Noor Abbasi,Apartment,5,2,2.9,6.2,24.0,0.7,0.71,5.9,13,0.0,0.0,29.6,Tuesday,Monsoon,0,35,15.05
HH0184,Lahore Plastic Factory,Factory,32,12,4.2,11.4,23.3,0.0,1.55,12.4,22,57.6,6.7,18.0,Wednesday,Winter,0,82,280.45
HH0185,Muhammad Mirza,Villa,8,7,7.0,8.7,22.3,0.28,0.63,8.7,12,0.0,0.0,36.2,Friday,Summer,0,30,29.62
HH0186,Ayesha Zaidi,Independent House,5,4,0.0,9.2,23.0,0.24,0.44,5.8,4,0.0,0.0,19.7,Tuesday,Monsoon,0,33,12.69
HH0187,Outfitters Outlet,Outlet,9,2,10.0,15.1,23.7,0.0,0.74,11.7,18,0.0,0.0,39.2,Tuesday,Summer,0,72,29.82
HH0188,Sialkot Sports Factory,Factory,47,13,5.6,10.1,23.1,0.0,1.99,10.5,13,110.7,7.7,23.9,Sunday,Monsoon,1,82,562.28
HH0189,Umar Niazi,Apartment,3,5,1.7,4.3,22.7,0.21,0.34,7.1,9,0.0,0.0,24.5,Friday,Monsoon,0,35,15.87
HH0190,Sadiq General Store,General Store,1,4,4.3,7.1,22.1,0.0,0.27,14.6,21,0.0,0.0,18.0,Sunday,Winter,1,48,19.74
HH0191,Bismillah Kiryana Store,General Store,3,4,8.5,9.6,23.0,0.0,0.6,9.3,24,0.0,0.0,35.2,Friday,Summer,0,48,29.44
HH0192,Al-Fatah Outlet,Outlet,9,4,1.9,4.5,22.8,0.0,0.48,11.8,12,0.0,0.0,20.2,Monday,Winter,0,72,20.83
HH0193,Faisal Gill,Independent House,5,5,0.0,9.0,22.8,0.46,0.32,7.8,4,0.0,0.0,14.2,Friday,Winter,0,33,10.22
HH0194,Nadia Sultan,Apartment,2,4,4.1,8.4,24.0,1.45,0.18,8.5,5,0.0,0.0,30.6,Tuesday,Monsoon,0,35,18.77
HH0195,Noor General Store,General Store,3,3,2.1,7.5,23.0,0.0,0.5,12.5,25,0.0,0.0,26.5,Thursday,Monsoon,0,48,18.13
HH0196,Khaadi Outlet,Outlet,7,2,4.5,5.1,22.6,0.0,0.74,12.8,21,0.0,0.0,31.2,Saturday,Monsoon,1,72,20.67
HH0197,Saad Farooq,Independent House,7,4,11.0,13.4,23.1,0.08,0.62,10.1,8,0.0,0.0,46.0,Wednesday,Summer,0,33,32.7
HH0198,Kiran Raza,Independent House,6,4,7.0,3.6,23.6,0.06,0.47,5.9,12,0.0,0.0,38.0,Wednesday,Summer,0,33,21.78
HH0199,Hussain Zaidi,Villa,6,9,8.0,14.0,22.5,0.93,0.6,9.7,8,0.0,0.0,39.5,Sunday,Summer,1,30,35.81
HH0200,Noor Farooq,Independent House,7,5,3.5,5.5,23.3,1.11,0.67,9.5,5,0.0,0.0,30.1,Monday,Monsoon,0,33,16.23
HH0201,Kiran Qureshi,Apartment,2,1,7.2,10.5,23.6,0.9,0.44,6.8,12,0.0,0.0,33.5,Sunday,Monsoon,1,35,18.36
HH0202,Asad Niazi,Independent House,4,3,12.7,5.7,22.4,0.97,0.41,7.0,5,0.0,0.0,44.1,Saturday,Summer,1,33,28.4
HH0203,Khaadi Outlet,Outlet,6,5,4.8,11.1,23.1,0.0,0.85,9.7,22,0.0,0.0,25.2,Friday,Monsoon,0,72,26.89
HH0204,Noor General Store,General Store,4,4,2.9,11.0,22.6,0.0,0.44,11.3,20,0.0,0.0,25.8,Thursday,Spring,0,48,21.24
HH0205,National Foam Factory,Factory,146,11,5.3,10.5,22.8,0.0,6.0,13.7,26,84.0,14.9,22.7,Monday,Monsoon,0,82,842.28
HH0206,Hira Rathore,Independent House,7,4,0.0,7.5,22.9,0.91,0.4,5.7,7,0.0,0.0,15.2,Thursday,Winter,0,33,12.36
HH0207,Mehwish Soomro,Independent House,7,6,9.0,12.4,22.4,0.85,0.78,,6,0.0,0.0,39.3,Saturday,Summer,1,33,30.71
HH0208,Iqra Javed,Villa,6,6,0.3,7.0,22.4,0.25,0.52,7.7,8,0.0,0.0,26.0,Wednesday,Spring,0,30,13.67
HH0209,Bushra Zaidi,Apartment,5,5,0.0,11.4,23.2,0.9,0.31,5.2,7,0.0,0.0,9.4,Saturday,Winter,1,35,14.39
HH0210,Sidra Bhatti,Apartment,3,4,3.0,10.0,22.7,1.07,0.75,8.0,5,0.0,0.0,29.3,Monday,Monsoon,0,35,14.36
HH0211,Sara Javed,Apartment,2,2,4.7,10.7,22.7,0.97,0.48,5.4,14,0.0,0.0,31.4,Monday,Summer,0,35,18.99
HH0212,Noor General Store,General Store,1,1,4.1,6.9,22.8,0.0,0.55,14.4,26,0.0,0.0,22.7,Saturday,Spring,1,48,16.61
HH0213,Muhammad Iqbal,Independent House,6,7,0.0,12.5,23.2,4.0,0.59,8.2,6,0.0,0.0,14.8,Tuesday,Winter,0,33,17.07
HH0214,Bismillah Kiryana Store,General Store,2,2,12.1,8.3,22.3,0.0,0.37,9.9,9,0.0,0.0,46.7,Wednesday,Summer,0,48,27.5
HH0215,Junaid Malik,Apartment,5,2,0.5,8.2,23.1,1.68,0.52,5.4,12,0.0,0.0,22.8,Friday,Winter,0,35,14.02
HH0216,Shazia Durrani,Apartment,5,5,5.2,15.8,22.5,1.31,0.29,8.0,4,0.0,0.0,36.2,Wednesday,Summer,0,35,21.16
HH0217,Interloop Textile Factory,Factory,60,10,5.9,10.6,23.8,0.0,2.94,14.4,10,17.1,14.1,28.3,Tuesday,Spring,0,82,199.09
HH0218,Metro Engineering Industry,Industry,17,9,8.7,14.7,22.6,0.0,0.96,14.1,13,23.3,7.6,31.1,Sunday,Monsoon,1,58,148.6
HH0219,Metro Cash Outlet,Outlet,6,2,14.4,12.8,23.0,0.0,0.38,9.6,24,0.0,0.0,42.0,Monday,Summer,0,72,38.84
HH0220,Chase Value Outlet,Outlet,7,2,8.1,12.9,22.8,0.0,0.45,11.4,28,0.0,0.0,35.5,Friday,Summer,0,72,32.16
HH0221,Waqas Awan,Villa,7,9,9.5,9.8,22.2,0.48,0.4,7.7,6,0.0,0.0,41.9,Tuesday,Summer,0,30,33.4
HH0222,Noor Siddiqui,Independent House,2,5,6.3,13.7,22.9,0.59,0.59,6.9,11,0.0,0.0,37.1,Friday,Summer,0,33,25.43
HH0223,Hamza Farooq,Apartment,3,5,0.7,6.5,21.8,0.55,0.6,9.0,4,0.0,0.0,25.0,Monday,Monsoon,0,35,15.9
HH0224,Al-Aziz Industry,Industry,31,9,2.2,,22.5,0.0,1.5,15.5,29,34.3,11.9,14.9,Monday,Winter,0,58,283.52
HH0225,Sialkot Sports Industry,Industry,31,6,3.8,4.2,22.3,0.0,1.52,14.6,17,62.9,9.5,20.1,Saturday,Winter,1,58,392.59
HH0226,Nadia Ahmed,Apartment,5,3,0.3,9.7,23.6,2.22,0.55,6.1,8,0.0,0.0,25.1,Monday,Spring,0,35,12.02
HH0227,Crescent Chemical Industry,Industry,55,8,9.0,6.3,23.0,0.0,2.75,16.3,17,11.1,10.3,29.8,Sunday,Monsoon,1,58,121.12
HH0228,Al-Karim Garments Factory,Factory,70,13,5.7,5.3,22.7,0.0,2.92,14.6,23,31.0,12.6,28.1,Wednesday,Spring,0,82,295.82
HH0229,Faisal Abbasi,Independent House,3,3,0.0,8.0,24.0,0.18,0.35,6.9,14,0.0,0.0,8.0,Monday,Winter,0,33,13.09
HH0230,Outfitters Outlet,Outlet,8,3,2.0,11.7,21.7,0.0,0.32,10.1,8,0.0,0.0,12.0,Wednesday,Winter,0,72,13.79
HH0231,Asma Butt,Apartment,5,4,5.6,10.4,22.8,1.4,0.48,6.8,5,0.0,0.0,35.4,Monday,Summer,0,35,19.77
HH0232,Zeeshan Rathore,Independent House,3,3,0.0,6.8,23.0,4.0,0.5,5.8,7,0.0,0.0,7.9,Tuesday,Winter,0,33,12.0
HH0233,Sadia Zaidi,Independent House,2,4,0.0,4.9,22.5,1.55,0.58,8.0,12,0.0,0.0,23.9,Monday,Monsoon,0,33,12.55
HH0234,Noor Rana,Villa,6,6,2.4,8.4,22.4,0.3,0.42,11.9,13,0.0,0.0,27.2,Thursday,Spring,0,30,20.96
HH0235,Sadiq General Store,General Store,1,1,9.3,15.8,21.8,0.0,0.3,11.9,24,0.0,0.0,38.5,Thursday,Summer,0,48,26.03
HH0236,Rabia Mirza,Apartment,4,4,0.0,4.8,23.7,0.4,0.36,5.5,10,0.0,0.0,17.2,Tuesday,Winter,0,35,8.58
HH0237,Junaid Jamshed Outlet,Outlet,7,5,7.5,7.0,23.3,0.0,0.58,10.1,16,0.0,0.0,29.3,Friday,Monsoon,0,72,26.88
HH0238,Naveed Bhatti,Independent House,7,5,0.0,7.9,23.1,0.13,0.66,9.3,12,0.0,0.0,10.7,Thursday,Winter,0,33,15.34
HH0239,Rabia Chaudhry,Independent House,3,6,0.0,9.5,23.3,0.14,0.46,8.9,14,0.0,0.0,22.2,Wednesday,Spring,0,33,15.44
HH0240,Hira Ahmed,Apartment,1,4,7.9,13.7,22.9,0.3,0.58,7.2,13,0.0,0.0,44.9,Tuesday,Summer,0,35,24.23
HH0241,Komal Ahmed,Apartment,3,3,7.8,8.1,23.6,0.67,0.32,5.3,5,0.0,0.0,39.5,Wednesday,Summer,0,35,24.8
HH0242,Warda Baig,Villa,5,5,0.7,3.0,22.7,0.84,0.5,6.0,5,0.0,0.0,19.8,Thursday,Winter,0,30,11.89
HH0243,Faizan General Store,General Store,1,2,6.4,14.2,23.0,0.0,0.1,10.8,22,0.0,0.0,32.3,Tuesday,Summer,0,48,24.39
HH0244,Crescent Chemical Industry,Industry,16,8,5.6,3.8,23.0,0.0,1.09,10.5,10,15.5,14.7,17.7,Thursday,Winter,0,58,169.73
HH0245,Hassan Sultan,Apartment,3,5,5.0,14.3,22.7,0.05,0.63,5.1,7,0.0,0.0,37.6,Wednesday,Summer,0,35,24.25
HH0246,Iqra Malik,Apartment,1,1,7.9,8.9,23.7,1.29,0.1,5.3,8,0.0,0.0,29.9,Sunday,Monsoon,1,35,19.91
HH0247,Hamza Mirza,Apartment,1,2,0.0,13.1,22.9,0.09,0.43,5.0,11,0.0,0.0,25.3,Thursday,Spring,0,35,10.92
HH0248,Tayyaba Ahmed,Independent House,5,4,6.1,13.9,22.3,1.01,0.5,8.2,10,0.0,0.0,34.2,Friday,Summer,0,33,23.1
HH0249,Lahore Plastic Factory,Factory,87,12,9.2,6.6,22.9,0.0,3.75,13.6,17,99.1,10.6,28.8,Thursday,Spring,0,82,701.4
HH0250,Al-Fatah Outlet,Outlet,3,3,12.0,13.3,23.7,0.0,0.27,10.5,22,0.0,0.0,40.7,Saturday,Summer,1,72,33.51
HH0251,Naveed Raza,Apartment,5,5,6.5,17.7,22.6,0.25,0.24,9.9,7,0.0,0.0,37.6,Tuesday,Summer,0,35,24.23
HH0252,Outfitters Outlet,Outlet,5,4,6.4,10.3,23.7,0.0,0.36,,27,0.0,0.0,28.1,Monday,Spring,0,72,23.26
HH0253,Ayesha Khan,Independent House,5,6,0.0,9.7,22.9,0.72,0.45,6.1,13,0.0,0.0,15.7,Saturday,Winter,1,33,15.22
HH0254,Hassan Awan,Apartment,3,3,9.5,4.7,22.5,0.84,0.29,6.8,11,0.0,0.0,42.1,Sunday,Summer,1,35,25.05
HH0255,Chase Value Outlet,Outlet,4,4,,1.5,23.1,0.0,0.25,9.3,23,0.0,0.0,8.9,Thursday,Winter,0,72,18.39
HH0256,Asad Abbasi,Independent House,4,5,6.5,8.1,22.4,2.58,0.51,9.0,6,0.0,0.0,37.1,Wednesday,Summer,1,33,25.01
HH0257,Warda Khan,Apartment,5,3,0.0,2.5,23.6,1.01,0.47,5.4,7,0.0,0.0,5.0,Tuesday,Winter,0,35,10.61
HH0258,Chase Value Outlet,Outlet,3,3,9.0,8.0,22.6,0.0,0.44,11.2,14,0.0,0.0,36.2,Friday,Summer,0,72,25.42
HH0259,Millat Tractors Factory,Factory,37,11,11.5,11.5,22.5,0.0,1.71,12.5,14,117.1,15.7,38.7,Saturday,Summer,1,82,1161.5
HH0260,Zainab Bhatti,Villa,8,9,0.0,8.2,22.9,0.9,0.73,8.6,12,0.0,0.0,18.0,Friday,Winter,0,30,19.96
HH0261,Samina Khan,Villa,5,7,7.5,11.1,23.0,0.47,0.25,8.7,8,0.0,0.0,36.3,Thursday,Summer,0,30,28.38
HH0262,Outfitters Outlet,Outlet,4,2,1.2,13.1,24.0,0.0,0.29,12.2,23,0.0,0.0,18.3,Friday,Winter,0,72,15.43
HH0263,Metro Cash Outlet,Outlet,9,3,7.9,5.0,23.0,0.0,0.78,14.5,28,0.0,0.0,33.8,Thursday,Summer,0,72,31.42
HH0264,Al-Madina General Store,General Store,3,4,2.5,3.9,22.6,0.0,0.55,10.4,14,0.0,0.0,12.8,Tuesday,Winter,0,48,14.49
HH0265,Mahnoor Durrani,Apartment,1,4,7.3,15.8,22.0,0.55,0.18,6.5,8,0.0,0.0,35.0,Friday,Summer,0,35,22.56
HH0266,Ayesha Yousaf,Independent House,3,5,6.9,8.7,24.0,0.14,0.3,5.7,13,0.0,0.0,36.4,Wednesday,Summer,0,33,23.17
HH0267,Farah Soomro,Independent House,6,6,5.1,13.9,21.9,0.79,0.71,5.5,8,0.0,0.0,,Sunday,Summer,1,33,27.0
HH0268,Hussain Hashmi,Apartment,5,5,0.0,0.0,22.6,1.6,0.54,7.8,11,0.0,0.0,10.5,Monday,Winter,0,35,11.88
HH0269,Imran Hussain,Independent House,3,6,10.8,11.4,22.9,0.05,0.36,6.8,10,0.0,0.0,41.5,Friday,Summer,0,33,31.76
HH0270,Kiran Butt,Independent House,5,6,0.0,4.5,23.0,0.32,0.65,7.7,4,0.0,0.0,15.0,Friday,Winter,0,33,11.77
HH0271,Saima Ahmed,Independent House,7,4,8.3,,23.6,0.32,0.59,7.4,7,0.0,0.0,36.9,Friday,Summer,1,33,25.98
HH0272,Nadeem Soomro,Apartment,1,4,9.6,10.9,21.7,0.3,0.31,6.3,8,0.0,0.0,40.5,Thursday,Summer,0,35,26.02
HH0273,Mahnoor Hussain,Villa,5,8,1.6,8.5,23.3,0.68,0.38,9.1,8,0.0,0.0,24.9,Thursday,Monsoon,0,30,19.8
HH0274,National Leather Industry,Industry,74,8,7.6,11.0,23.4,0.0,3.14,12.6,17,67.6,13.1,32.7,Wednesday,Summer,0,58,591.83
HH0275,Al-Madina General Store,General Store,3,3,10.1,10.7,23.3,0.0,0.4,14.3,12,0.0,0.0,36.5,Saturday,Summer,1,48,27.15
HH0276,Kashif Bhatti,Villa,8,6,4.4,7.5,23.3,0.47,0.6,7.1,9,0.0,0.0,28.2,Tuesday,Spring,0,30,21.09
HH0277,Millat Tractors Factory,Factory,123,12,6.4,3.4,22.7,0.0,5.46,13.8,12,72.3,14.8,24.0,Monday,Monsoon,0,82,721.44
HH0278,Sidra Ali,Villa,7,6,7.6,13.5,23.8,1.23,0.55,8.1,6,0.0,0.0,35.1,Saturday,Summer,1,30,27.73
HH0279,Waqas Iqbal,Independent House,5,3,5.4,9.0,23.3,0.28,0.55,8.0,4,0.0,0.0,36.0,Wednesday,Summer,0,33,17.37
HH0280,Ayesha Rathore,Independent House,6,4,2.5,6.5,23.2,0.12,0.48,6.5,9,0.0,0.0,26.8,Tuesday,Spring,0,33,14.86
HH0281,Naveed Khan,Apartment,4,3,6.8,5.2,22.0,0.12,0.43,4.4,5,0.0,0.0,,Wednesday,Summer,0,35,16.57
HH0282,Sidra Farooq,Independent House,5,6,8.9,3.6,22.8,1.73,0.58,8.9,14,0.0,0.0,36.1,Sunday,Summer,1,33,30.1
HH0283,Umar Rathore,Villa,5,5,6.2,9.2,23.5,0.3,0.86,6.6,14,0.0,0.0,41.5,Wednesday,Summer,0,30,25.85
HH0284,Zainab Siddiqui,Apartment,4,3,0.0,9.5,23.5,0.74,0.64,7.5,11,0.0,0.0,19.6,Sunday,Spring,1,35,11.19
HH0285,Rehman Kiryana Store,General Store,4,4,9.7,12.5,22.5,0.0,0.66,11.5,26,0.0,0.0,41.2,Sunday,Summer,1,48,34.09
HH0286,Mehwish Bhatti,Villa,6,6,0.0,12.0,22.9,0.64,0.71,9.7,13,0.0,0.0,17.1,Friday,Winter,0,30,19.29
HH0287,Rizwan Awan,Apartment,4,2,0.0,3.6,22.1,0.04,0.23,8.7,4,0.0,0.0,,Tuesday,Winter,0,35,14.94
HH0288,Al-Karim Garments Factory,Factory,38,12,6.1,6.4,22.6,0.0,1.71,,9,116.7,13.2,20.7,Wednesday,Spring,0,82,968.54
HH0289,Ahmed Bhatti,Apartment,1,1,10.6,8.9,23.1,0.57,0.19,3.5,5,0.0,0.0,42.1,Monday,Summer,0,35,23.25
HH0290,Mahnoor Raza,Independent House,3,6,2.7,11.5,23.1,0.51,0.27,5.3,7,0.0,0.0,27.2,Sunday,Monsoon,1,33,16.75
HH0291,Al-Hamd Textile Factory,Factory,89,12,4.3,9.1,22.8,0.0,3.88,16.5,9,44.6,10.9,16.0,Saturday,Winter,1,82,359.34
HH0292,Nadeem Malik,Apartment,4,2,0.0,8.4,22.6,0.53,0.41,6.0,6,0.0,0.0,17.4,Monday,Winter,0,35,8.03
HH0293,Samina Abbasi,Apartment,3,2,2.3,6.6,23.6,0.64,0.48,6.2,11,0.0,0.0,28.3,Thursday,Spring,0,35,12.26
HH0294,Rimsha Sheikh,Independent House,6,4,3.1,,22.8,0.22,0.89,5.2,6,0.0,0.0,26.6,Wednesday,Spring,0,33,17.4
HH0295,Umar Gill,Apartment,4,2,0.0,10.5,22.9,1.36,0.54,6.5,13,0.0,0.0,23.0,Friday,Monsoon,0,35,12.45
HH0296,Junaid Jamshed Outlet,Outlet,4,4,4.2,8.0,22.7,0.0,0.69,12.5,15,0.0,0.0,29.6,Tuesday,Summer,0,72,19.7
HH0297,Ayesha Gill,Apartment,5,2,0.0,8.4,22.3,0.87,0.58,6.6,13,0.0,0.0,9.4,Sunday,Winter,1,35,8.86
HH0298,Bushra Malik,Apartment,1,2,7.4,10.9,23.8,1.42,0.1,5.9,6,0.0,0.0,43.3,Tuesday,Summer,0,35,18.94
HH0299,Kashif Baig,Apartment,5,4,7.5,8.1,23.7,0.37,0.46,9.1,5,0.0,0.0,39.2,Friday,Summer,0,35,22.26
HH0300,Al-Fateh Steel Industry,Industry,30,7,10.2,10.9,22.0,0.0,1.45,10.8,22,72.7,14.1,28.7,Monday,Monsoon,0,58,658.1
HH0301,Bata Shoe Outlet,Outlet,5,5,9.8,9.2,23.9,0.0,0.54,11.6,22,0.0,0.0,37.8,Sunday,Summer,1,72,33.36
HH0302,Ahmed Qureshi,Independent House,5,4,0.0,6.2,23.4,0.53,0.48,8.0,12,0.0,0.0,22.1,Saturday,Spring,1,33,12.04
HH0303,National Foam Factory,Factory,62,10,4.7,9.3,23.4,0.0,2.9,13.1,18,50.5,12.4,17.2,Friday,Winter,0,82,430.37
HH0304,Uzma Iqbal,Independent House,6,7,0.0,0.2,23.5,0.86,0.31,8.1,6,0.0,0.0,14.3,Sunday,Winter,1,33,10.8
HH0305,Kiran Rana,Independent House,2,4,7.8,14.6,22.4,0.56,0.22,4.9,6,0.0,0.0,37.1,Saturday,Summer,1,33,24.11
HH0306,Sajjad Baig,Apartment,2,2,0.0,3.8,22.7,1.87,0.13,4.3,5,0.0,0.0,15.2,Monday,Winter,0,35,5.86
HH0307,Noor General Store,General Store,4,1,12.0,9.4,23.3,0.0,0.59,9.0,8,0.0,0.0,39.8,Wednesday,Summer,0,48,25.06
HH0308,Faizan General Store,General Store,3,3,9.8,10.5,23.1,0.0,0.66,12.1,25,0.0,0.0,35.5,Saturday,Summer,1,48,27.81
HH0309,Mehwish Durrani,Independent House,2,2,8.5,13.8,23.1,0.32,0.5,5.6,14,0.0,0.0,45.0,Monday,Summer,0,33,24.37
HH0310,Waqas Javed,Independent House,3,4,2.4,11.2,23.0,0.89,0.4,6.7,5,0.0,0.0,25.5,Saturday,Spring,1,33,13.29
HH0311,Asad Malik,Apartment,1,3,0.0,11.6,24.0,0.64,0.51,7.7,14,0.0,0.0,21.5,Saturday,Winter,1,35,10.58
HH0312,Asma Yousaf,Independent House,6,7,7.2,15.1,23.0,0.73,0.55,7.3,13,0.0,0.0,40.6,Friday,Summer,0,33,32.59
HH0313,Rabia Ali,Independent House,7,5,3.2,2.9,22.5,0.08,0.39,10.1,14,0.0,0.0,33.8,Wednesday,Summer,0,33,20.81
HH0314,Faisal Rana,Villa,5,7,8.5,11.7,23.1,0.28,0.5,8.9,14,0.0,0.0,37.3,Friday,Summer,0,30,32.12
HH0315,National Leather Industry,Industry,50,7,5.8,3.8,21.6,0.0,2.29,11.0,12,56.0,10.1,13.1,Sunday,Winter,1,58,380.45
HH0316,Kashif Sheikh,Independent House,6,4,0.0,5.4,22.2,1.7,0.51,6.3,6,0.0,0.0,21.1,Monday,Spring,0,33,8.54
HH0317,Rukhsana Sheikh,Independent House,5,3,8.3,12.7,23.3,0.36,0.52,7.5,8,0.0,0.0,38.8,Thursday,Summer,0,33,24.33
HH0318,Ahmed Zaidi,Apartment,2,1,9.8,13.8,23.2,0.61,0.62,4.6,13,0.0,0.0,42.2,Wednesday,Summer,0,35,24.18
HH0319,Usman Awan,Independent House,7,6,11.5,9.8,22.9,0.45,0.43,8.7,4,0.0,0.0,42.5,Monday,Summer,0,33,31.14
HH0320,Danish Raza,Apartment,4,5,0.5,7.1,22.5,1.11,0.32,7.6,6,0.0,0.0,24.5,Tuesday,Spring,0,35,14.13
HH0321,Naveed Javed,Independent House,3,5,8.7,11.2,23.6,0.25,0.47,6.9,5,0.0,0.0,39.9,Tuesday,Summer,0,33,24.19
HH0322,Rimsha Mirza,Apartment,3,4,5.5,11.3,23.2,1.5,0.42,8.0,6,0.0,0.0,36.1,Monday,Summer,0,35,23.53
HH0323,Ali Niazi,Independent House,6,4,11.3,11.5,22.8,1.46,0.49,3.9,9,0.0,0.0,40.1,Wednesday,Summer,0,33,31.34
HH0324,Shahzad Javed,Independent House,2,3,1.7,11.2,23.5,1.88,0.65,7.8,12,0.0,0.0,29.9,Tuesday,Spring,0,33,15.18
HH0325,Ali Ali,Apartment,4,3,1.3,11.1,23.7,0.21,0.49,5.6,9,0.0,0.0,21.8,Thursday,Spring,0,35,10.99
HH0326,Danish Ali,Apartment,1,4,1.6,8.1,23.3,1.41,0.11,5.1,10,0.0,0.0,25.2,Sunday,Spring,1,35,13.15
HH0327,Rimsha Ahmed,Villa,6,8,0.0,9.7,23.4,0.12,0.53,12.1,11,0.0,0.0,25.0,Monday,Spring,0,30,20.02
HH0328,Lahore Plastic Factory,Factory,55,12,4.7,12.2,22.8,0.0,2.39,12.5,28,37.5,9.0,22.5,Sunday,Spring,1,82,262.12
HH0329,Rabia Abbasi,Apartment,5,5,9.8,13.0,22.1,1.33,0.68,11.0,7,0.0,0.0,39.1,Friday,Summer,1,35,28.34
HH0330,Maria Rathore,Villa,3,5,0.0,11.1,23.0,0.08,0.55,6.7,13,0.0,0.0,8.7,Friday,Winter,1,30,13.39
HH0331,Faisal Ahmed,Independent House,5,3,,13.3,21.9,0.22,0.39,4.3,13,0.0,0.0,34.1,Thursday,Summer,0,33,21.48
HH0332,Servis Shoe Outlet,Outlet,6,3,14.3,14.4,23.2,0.0,0.68,10.0,22,0.0,0.0,44.8,Tuesday,Summer,0,72,38.35
HH0333,Faisal Soomro,Apartment,1,1,3.6,10.0,21.6,1.62,0.2,7.2,8,0.0,0.0,27.4,Sunday,Spring,1,35,14.05
HH0334,Rimsha Niazi,Independent House,7,7,1.7,8.6,23.1,1.72,0.66,10.3,13,0.0,0.0,27.4,Sunday,Monsoon,1,33,23.79
HH0335,Ahmed Zaidi,Villa,7,7,0.0,5.3,23.4,0.62,0.93,7.6,9,0.0,0.0,6.4,Tuesday,Winter,0,30,13.11
HH0336,Asad Rana,Apartment,3,5,5.6,14.4,22.5,0.75,0.24,5.0,9,0.0,0.0,34.5,Tuesday,Summer,0,35,25.53
HH0337,Danish Malik,Independent House,2,2,8.0,7.7,23.2,0.8,0.6,6.6,8,0.0,0.0,41.0,Monday,Summer,0,33,20.96
HH0338,City General Store,General Store,1,2,7.8,10.9,23.4,0.0,0.1,13.2,11,0.0,0.0,34.1,Sunday,Summer,1,48,19.63
HH0339,Rimsha Durrani,Apartment,4,3,6.8,9.4,22.5,0.29,0.37,7.0,4,0.0,0.0,40.1,Monday,Summer,0,35,20.02
HH0340,Kamran Sheikh,Apartment,3,4,0.0,5.9,23.1,1.21,0.36,6.9,13,0.0,0.0,12.4,Friday,Winter,0,35,11.25
HH0341,Rukhsana Zaidi,Independent House,3,6,4.4,7.6,22.4,0.16,0.34,8.3,8,0.0,0.0,29.0,Thursday,Monsoon,0,33,22.05
HH0342,Rimsha Mirza,Apartment,2,3,1.6,5.8,22.8,1.06,0.3,7.8,12,0.0,0.0,26.0,Thursday,Spring,0,35,12.7
HH0343,Hamza Awan,Villa,8,6,2.7,5.7,24.0,0.57,0.57,7.6,11,0.0,0.0,27.5,Tuesday,Monsoon,0,30,21.55
HH0344,Bushra Butt,Apartment,2,2,2.5,17.9,23.8,0.55,0.27,7.2,14,0.0,0.0,25.5,Sunday,Monsoon,1,35,16.2
HH0345,Al-Hamd Textile Factory,Factory,122,12,2.4,9.7,22.5,0.0,5.29,14.9,8,112.8,6.8,19.1,Tuesday,Winter,0,82,536.4
HH0346,Sidra Yousaf,Independent House,4,5,0.0,8.7,22.0,0.76,0.22,9.2,9,0.0,0.0,10.7,Wednesday,Winter,0,33,13.34
HH0347,Shazia Niazi,Apartment,2,3,0.0,5.6,23.0,0.22,0.1,7.9,8,0.0,0.0,17.6,Friday,Winter,0,35,10.1
HH0348,New Metro Store,General Store,4,4,7.4,7.1,23.4,0.0,0.4,7.8,19,0.0,0.0,34.8,Wednesday,Summer,0,48,22.56
HH0349,Waqas Raza,Independent House,2,4,0.0,17.0,23.1,1.15,0.45,8.1,5,0.0,0.0,25.7,Monday,Monsoon,0,33,13.16
HH0350,Naveed Abbasi,Apartment,1,3,8.1,8.8,24.0,0.03,0.42,4.6,7,0.0,0.0,43.1,Wednesday,Summer,0,35,20.8
HH0351,Faizan General Store,General Store,2,2,9.4,9.7,23.5,0.0,0.41,11.3,21,0.0,0.0,35.1,Saturday,Summer,1,48,28.65
HH0352,Farah Hussain,Apartment,4,4,0.7,2.0,22.5,0.72,0.36,5.3,4,0.0,0.0,17.1,Sunday,Winter,1,35,10.18
HH0353,Servis Shoe Outlet,Outlet,5,5,8.6,11.9,23.5,0.0,0.39,16.5,10,0.0,0.0,35.9,Tuesday,Summer,0,72,29.85
HH0354,Al-Rehman General Store,General Store,4,2,2.8,6.1,22.6,0.0,0.5,8.7,11,0.0,0.0,15.4,Friday,Winter,0,48,13.1
HH0355,Hussain Chaudhry,Independent House,5,4,7.7,12.0,23.2,2.32,0.27,5.5,6,0.0,0.0,37.3,Saturday,Summer,1,33,24.44
HH0356,Uzma Awan,Apartment,1,1,0.0,,23.7,0.18,0.35,5.0,12,0.0,0.0,22.0,Wednesday,Spring,0,35,11.41
HH0357,Uzma Baloch,Independent House,5,4,2.6,9.5,23.6,0.18,0.64,6.3,6,0.0,0.0,25.0,Friday,Spring,0,33,15.97
HH0358,Kashif Hashmi,Independent House,3,3,0.0,2.6,22.8,0.57,0.44,5.4,9,0.0,0.0,14.7,Sunday,Winter,1,33,7.6
HH0359,Usman Hussain,Apartment,3,4,0.0,10.9,23.7,1.13,0.57,7.2,8,0.0,0.0,15.8,Wednesday,Winter,0,35,13.24
HH0360,Bismillah Kiryana Store,General Store,4,2,1.2,8.2,23.1,0.0,0.43,12.1,26,0.0,0.0,16.7,Saturday,Winter,1,48,16.35
HH0361,Salman Malik,Villa,5,6,5.1,9.6,23.5,0.46,0.51,6.4,7,0.0,0.0,35.7,Wednesday,Summer,0,30,21.01
HH0362,Fahad Hashmi,Apartment,2,3,5.9,13.1,23.5,0.64,0.22,7.5,10,0.0,0.0,34.8,Monday,Summer,0,35,21.35
HH0363,Al-Karam Store,General Store,1,4,3.0,3.6,22.3,0.0,0.1,14.4,14,0.0,0.0,16.9,Wednesday,Winter,0,48,17.34
HH0364,Sadia Siddiqui,Independent House,3,3,5.4,15.5,23.0,0.5,0.51,7.5,13,0.0,0.0,36.5,Monday,Summer,0,33,22.14
HH0365,Khaadi Outlet,Outlet,9,3,8.3,11.4,22.0,0.0,0.77,10.4,22,0.0,0.0,35.9,Friday,Summer,0,72,30.77
HH0366,Kiran Baloch,Apartment,3,4,,2.8,22.0,0.22,0.26,8.5,7,0.0,0.0,27.6,Friday,Monsoon,0,35,11.45
HH0367,Faizan General Store,General Store,3,1,12.1,14.1,23.2,0.0,0.44,12.3,13,0.0,0.0,43.3,Friday,Summer,0,48,31.69
HH0368,Chase Value Outlet,Outlet,9,2,1.3,4.5,22.7,0.0,0.69,8.9,25,0.0,0.0,15.5,Monday,Winter,0,72,17.62
HH0369,Maria Malik,Apartment,2,3,5.5,7.8,23.8,1.39,0.4,10.0,13,0.0,0.0,28.8,Saturday,Monsoon,1,35,17.9
HH0370,Hira Rathore,Villa,6,6,0.0,7.7,23.2,0.09,0.45,9.1,9,0.0,0.0,24.6,Wednesday,Spring,0,30,18.22
HH0371,Shahzad Awan,Apartment,2,1,0.0,2.6,22.9,0.69,0.14,6.4,12,0.0,0.0,16.0,Thursday,Winter,0,35,8.8
HH0372,Komal Farooq,Independent House,4,3,0.0,0.0,22.1,0.08,0.6,6.7,13,0.0,0.0,12.1,Wednesday,Winter,0,33,8.57
HH0373,Punjab Oil Factory,Factory,74,12,17.3,15.5,22.4,0.0,3.28,13.9,9,27.0,8.0,43.6,Friday,Summer,0,82,214.14
HH0374,Rehman Kiryana Store,General Store,1,2,12.6,12.8,22.8,0.0,0.18,10.6,27,0.0,0.0,38.6,Sunday,Summer,1,48,32.22
HH0375,Bismillah Kiryana Store,General Store,2,2,7.7,9.3,23.0,0.0,0.76,10.4,24,0.0,0.0,39.2,Wednesday,Summer,0,48,25.31
HH0376,Hamza Hashmi,Villa,3,5,3.6,14.4,23.0,0.23,0.35,7.4,9,0.0,0.0,26.4,Wednesday,Spring,0,30,19.66
HH0377,City General Store,General Store,4,1,8.5,12.9,21.9,0.0,0.49,12.1,21,0.0,0.0,38.2,Thursday,Summer,0,48,22.22
HH0378,Sajjad Ali,Apartment,4,5,0.1,7.8,23.4,0.53,0.59,10.4,14,0.0,0.0,19.6,Saturday,Winter,1,35,15.34
HH0379,Yasir Butt,Villa,6,6,6.4,7.9,22.8,4.0,0.45,7.3,6,0.0,0.0,37.8,Monday,Summer,0,30,24.75
HH0380,Al-Aziz Industry,Industry,74,8,8.4,13.6,23.3,0.0,3.0,13.2,23,77.0,6.7,35.7,Thursday,Summer,0,58,373.85
HH0381,Al-Fatah Outlet,Outlet,4,2,12.1,13.8,22.8,0.0,0.67,11.0,8,0.0,0.0,39.0,Thursday,Summer,0,72,24.31
HH0382,Faisal Bhatti,Independent House,2,2,1.1,8.0,23.5,0.87,0.3,6.6,5,0.0,0.0,25.6,Thursday,Spring,0,33,8.9
HH0383,Umar Bhatti,Apartment,3,5,3.5,3.9,22.7,1.98,0.44,7.6,4,0.0,0.0,27.7,Friday,Monsoon,0,35,17.8
HH0384,Punjab Rice Industry,Industry,48,7,,12.5,23.3,0.0,2.41,12.3,17,12.2,11.2,32.9,Sunday,Monsoon,1,58,136.73
HH0385,Umar Bhatti,Apartment,3,5,3.5,3.9,22.7,1.98,0.44,7.6,4,0.0,0.0,27.7,Friday,Monsoon,0,35,17.8
HH0386,Crescent Chemical Industry,Industry,67,9,12.1,9.7,21.5,0.0,3.0,11.0,14,47.9,8.5,34.6,Sunday,Summer,1,58,309.26
HH0387,Nadeem Farooq,Independent House,2,2,7.5,12.7,22.4,1.3,0.47,5.4,13,0.0,0.0,37.9,Monday,Summer,0,33,24.51
HH0388,Khaadi Outlet,Outlet,8,3,5.6,6.2,23.0,0.0,0.49,8.3,29,0.0,0.0,23.9,Saturday,Spring,1,72,25.17
HH0389,Bismillah Kiryana Store,General Store,3,2,3.3,8.9,23.7,0.0,0.49,9.6,16,0.0,0.0,27.1,Monday,Monsoon,0,48,15.75
HH0390,Nadia Qureshi,Villa,8,6,0.0,11.9,23.2,0.72,0.5,4.9,9,0.0,0.0,16.3,Wednesday,Winter,0,30,16.3
HH0391,Warda Niazi,Apartment,5,5,4.0,7.7,23.1,0.14,0.51,6.9,9,0.0,0.0,27.3,Wednesday,Monsoon,0,35,20.1
HH0392,Umar Qureshi,Independent House,2,5,9.6,13.3,22.8,0.47,0.52,7.7,14,0.0,0.0,46.0,Friday,Summer,0,33,28.48
HH0393,Junaid Jamshed Outlet,Outlet,8,5,8.8,12.1,22.5,0.0,0.38,9.3,19,0.0,0.0,37.9,Sunday,Summer,1,72,30.87
HH0394,Sana Niazi,Independent House,3,4,9.4,9.3,24.0,0.56,0.23,7.7,11,0.0,0.0,43.5,Saturday,Summer,1,33,25.56
HH0395,Bushra Javed,Apartment,1,2,0.0,2.0,23.1,0.1,0.44,3.8,4,0.0,0.0,8.7,Friday,Winter,0,35,6.14
HH0396,Ravi Steel Factory,Factory,146,10,13.9,15.1,23.0,0.0,5.98,16.4,26,85.6,12.1,38.4,Friday,Summer,0,82,728.92
HH0397,Al-Hamd Textile Factory,Factory,45,12,5.6,10.0,22.2,0.0,1.98,13.7,23,78.3,6.8,28.1,Saturday,Spring,1,82,375.53
HH0398,Ali Malik,Independent House,7,5,7.5,7.1,24.0,2.68,0.29,4.9,12,0.0,0.0,37.5,Sunday,Summer,1,33,26.32
HH0399,Asad Rana,Apartment,1,2,4.6,12.3,24.0,0.77,0.24,9.0,4,0.0,0.0,28.2,Saturday,Spring,1,35,16.5
HH0400,Sajjad Malik,Independent House,5,4,5.7,5.9,22.0,0.27,0.61,7.7,6,0.0,0.0,40.1,Tuesday,Summer,0,33,20.65
HH0401,Bata Shoe Outlet,Outlet,4,5,12.7,14.1,22.3,0.0,0.35,13.1,16,0.0,0.0,46.2,Friday,Summer,0,72,38.33
HH0402,Rizwan Zaidi,Apartment,3,2,10.5,14.8,22.3,0.26,0.43,10.3,13,0.0,0.0,39.9,Thursday,Summer,0,35,29.07
HH0403,Farah Qureshi,Apartment,5,4,0.0,8.1,23.7,0.07,0.1,7.8,12,0.0,0.0,20.2,Tuesday,Winter,0,35,13.52
HH0404,Rehman Kiryana Store,General Store,4,3,10.1,11.0,22.4,0.0,0.38,11.2,9,0.0,0.0,,Tuesday,Summer,1,48,28.12
HH0405,Usman Sheikh,Independent House,5,6,0.0,9.4,23.1,0.75,0.53,8.0,9,0.0,0.0,18.0,Saturday,Winter,1,33,14.48
HH0406,Kamran Niazi,Independent House,5,4,6.5,10.4,24.0,0.55,0.4,5.2,10,0.0,0.0,37.1,Sunday,Summer,1,33,22.94
HH0407,Zeeshan Khan,Apartment,4,3,8.2,13.1,24.0,1.25,0.31,8.7,11,0.0,0.0,40.6,Sunday,Summer,1,35,25.76
HH0408,Fatima Khan,Villa,5,8,1.9,11.1,22.7,0.86,0.1,8.7,5,0.0,0.0,28.6,Sunday,Monsoon,1,30,18.75
HH0409,Al-Karam Store,General Store,1,2,1.9,0.7,23.2,0.0,0.33,8.9,12,0.0,0.0,9.9,Saturday,Winter,1,48,9.4
HH0410,Asma Ahmed,Apartment,5,2,0.0,1.5,23.4,0.29,0.39,3.9,14,0.0,0.0,12.6,Thursday,Winter,0,35,12.17
HH0411,Uzma Rana,Apartment,1,2,0.0,4.7,22.5,0.5,0.44,,9,0.0,0.0,14.0,Saturday,Winter,1,35,7.34
HH0412,Noor General Store,General Store,4,3,2.5,4.6,23.1,0.0,0.58,10.6,15,0.0,0.0,6.6,Monday,Winter,0,48,14.65
HH0413,Hussain Soomro,Apartment,2,2,0.0,5.8,23.6,0.55,0.75,6.5,14,0.0,0.0,22.2,Sunday,Winter,1,35,10.74
HH0414,Sialkot Sports Industry,Industry,31,6,9.2,5.5,23.7,0.0,1.57,10.1,24,24.7,15.3,30.8,Tuesday,Monsoon,0,58,266.78
HH0415,Kiran Hashmi,Independent House,3,3,6.8,7.3,23.0,0.52,0.51,4.4,13,0.0,0.0,37.7,Sunday,Summer,1,33,21.9
HH0416,Shahzad Rana,Apartment,3,3,0.0,9.2,23.8,0.59,0.1,5.1,8,0.0,0.0,20.1,Tuesday,Monsoon,0,35,11.68
HH0417,Lahore Plastic Factory,Factory,137,13,4.0,6.9,23.5,0.0,5.84,13.3,11,95.9,10.7,12.3,Sunday,Winter,1,82,694.64
HH0418,Imran Iqbal,Independent House,5,4,0.0,5.8,23.0,0.68,0.61,4.5,5,0.0,0.0,,Saturday,Winter,1,33,11.43
HH0419,City General Store,General Store,3,3,2.1,12.6,23.3,0.0,0.1,13.3,22,0.0,0.0,18.7,Thursday,Winter,0,48,18.68
HH0420,Al-Rahim Food Factory,Factory,88,13,5.5,10.8,22.4,0.0,3.68,14.2,22,49.2,9.5,8.9,Friday,Winter,0,82,350.71
HH0421,Bushra Chaudhry,Apartment,1,2,0.0,4.0,23.1,0.1,0.1,6.8,9,0.0,0.0,16.5,Friday,Winter,0,35,6.69
HH0422,Junaid Jamshed Outlet,Outlet,6,3,1.8,6.9,22.9,0.0,0.41,9.8,15,0.0,0.0,15.8,Thursday,Winter,0,72,15.49
HH0423,Hassan Zaidi,Apartment,1,3,4.7,14.3,23.7,0.25,0.46,7.0,14,0.0,0.0,34.5,Thursday,Summer,0,35,18.26
HH0424,Rehman Kiryana Store,General Store,1,3,2.5,11.5,23.2,0.0,0.3,11.8,15,0.0,0.0,23.4,Friday,Spring,0,48,17.52
HH0425,Tariq Awan,Apartment,3,2,3.5,12.1,22.6,0.61,0.18,5.5,5,0.0,0.0,26.7,Sunday,Spring,1,35,15.84
HH0426,Shazia Abbasi,Villa,4,8,9.3,13.2,23.4,0.37,0.48,7.1,5,0.0,0.0,36.8,Tuesday,Summer,0,30,33.0
HH0427,Chase Value Outlet,Outlet,3,4,1.1,3.0,23.4,0.0,0.12,13.0,21,0.0,0.0,14.7,Friday,Winter,0,72,11.51
HH0428,Bata Shoe Outlet,Outlet,4,3,10.6,6.4,23.4,0.0,0.77,11.6,17,0.0,0.0,42.0,Sunday,Summer,1,72,29.66
HH0429,Bismillah Kiryana Store,General Store,1,1,1.3,4.6,23.7,0.0,0.39,13.9,15,0.0,0.0,9.3,Friday,Winter,0,48,11.63
HH0430,Fahad Zaidi,Villa,8,7,10.1,15.9,23.3,0.79,0.62,9.8,11,0.0,0.0,37.3,Saturday,Summer,1,30,36.57
HH0431,Nadia Baloch,Villa,5,5,3.5,8.9,21.6,1.13,0.57,8.1,11,0.0,0.0,29.7,Sunday,Monsoon,1,30,19.23
HH0432,Hira Sheikh,Apartment,4,4,3.3,7.2,22.5,0.61,0.35,8.5,12,0.0,0.0,26.3,Saturday,Monsoon,1,35,14.09
HH0433,Umar Soomro,Apartment,1,3,3.4,7.5,23.8,0.63,0.49,5.5,6,0.0,0.0,24.7,Saturday,Spring,1,35,11.74
HH0434,Samina Siddiqui,Apartment,4,3,6.3,12.6,22.8,1.42,0.59,6.8,6,0.0,0.0,32.4,Saturday,Summer,1,35,23.5
HH0435,Fahad Bhatti,Independent House,3,5,5.9,6.5,23.3,0.46,0.39,8.5,10,0.0,0.0,30.3,Wednesday,Monsoon,0,33,22.27
HH0436,Al-Aziz Industry,Industry,52,7,7.1,5.3,22.3,0.0,2.39,12.8,10,55.7,14.3,27.8,Wednesday,Monsoon,0,58,521.83
HH0437,Fatima Ali,Independent House,4,3,0.0,9.6,23.7,1.9,0.48,4.9,7,0.0,0.0,13.8,Saturday,Winter,1,33,10.17
HH0438,Sana Soomro,Apartment,3,4,8.0,12.8,23.1,1.47,0.4,8.2,12,0.0,0.0,38.9,Friday,Summer,0,35,25.97
HH0439,Sadiq General Store,General Store,3,3,9.9,19.1,23.0,0.0,0.53,10.0,8,0.0,0.0,41.9,Wednesday,Summer,0,48,25.33
HH0440,Servis Shoe Outlet,Outlet,6,4,9.2,13.0,23.4,0.0,0.59,14.2,26,0.0,0.0,35.0,Wednesday,Summer,0,72,35.4
HH0441,Al-Madina General Store,General Store,2,1,2.6,9.2,22.4,0.0,0.5,12.4,28,0.0,0.0,23.5,Monday,Monsoon,0,48,18.14
HH0442,Rehman Kiryana Store,General Store,4,3,5.7,11.3,23.3,0.0,0.37,11.7,18,0.0,0.0,29.9,Monday,Monsoon,0,48,26.53
HH0443,Usman Khan,Villa,6,8,0.0,4.2,23.2,0.25,0.51,6.3,12,0.0,0.0,14.0,Friday,Winter,0,30,14.56
HH0444,Sajjad Sultan,Villa,8,6,0.0,4.5,23.7,1.48,0.84,7.1,10,0.0,0.0,10.2,Sunday,Winter,1,30,14.06
HH0445,Fatima Gill,Apartment,5,4,12.3,10.4,24.0,2.23,0.54,9.1,11,0.0,0.0,45.2,Saturday,Summer,1,35,33.0
HH0446,Zainab Niazi,Independent House,2,5,8.6,12.3,22.2,0.13,0.34,7.4,11,0.0,0.0,38.1,Tuesday,Summer,0,33,26.86
HH0447,Kashif Soomro,Apartment,1,1,0.0,4.3,23.0,0.36,0.41,,5,0.0,0.0,14.0,Wednesday,Winter,0,35,3.35
HH0448,Metro Cash Outlet,Outlet,9,5,4.6,14.8,23.2,0.0,0.73,12.4,21,0.0,0.0,37.0,Tuesday,Summer,0,72,29.02
HH0449,Warda Hashmi,Villa,3,6,2.2,4.2,22.7,1.82,0.49,7.7,9,0.0,0.0,25.3,Saturday,Spring,1,30,13.71
HH0450,Outfitters Outlet,Outlet,9,4,1.6,11.7,23.8,0.0,0.68,8.4,25,0.0,0.0,16.1,Tuesday,Winter,0,72,21.35
HH0451,Arslan Khan,Independent House,6,6,0.0,8.2,22.7,0.93,0.46,9.5,12,0.0,0.0,16.6,Tuesday,Winter,0,33,17.19
HH0452,Hussain Mirza,Independent House,7,5,8.1,13.3,21.3,0.6,0.65,6.4,11,0.0,0.0,37.3,Sunday,Summer,1,33,30.65
HH0453,Fatima Sultan,Independent House,2,3,9.0,10.0,23.1,0.95,0.24,9.8,9,0.0,0.0,40.3,Monday,Summer,0,33,27.19
HH0454,Hussain Malik,Independent House,5,3,1.8,6.2,22.6,0.77,0.21,7.9,8,0.0,0.0,26.1,Monday,Monsoon,0,33,14.68
HH0455,Bata Shoe Outlet,Outlet,4,2,14.1,9.2,23.3,0.0,0.37,9.0,25,0.0,0.0,48.0,Friday,Summer,0,72,34.98
HH0456,Bilal Siddiqui,Apartment,1,1,6.8,8.6,22.1,0.5,0.34,6.4,8,0.0,0.0,34.8,Thursday,Summer,0,35,19.69
HH0457,Nadeem Abbasi,Apartment,2,1,0.0,5.4,22.6,0.35,0.45,6.0,13,0.0,0.0,16.5,Thursday,Winter,0,35,7.6
HH0458,Adnan Gill,Villa,5,7,2.4,9.3,22.0,1.67,0.25,6.3,14,0.0,0.0,27.1,Sunday,Monsoon,1,30,20.11
HH0459,Mehwish Malik,Apartment,1,3,0.0,12.4,22.9,0.84,0.41,7.8,5,0.0,0.0,19.1,Thursday,Winter,0,35,8.47
HH0460,Al-Noor Plastic Industry,Industry,55,6,7.1,7.7,22.3,0.0,2.41,14.3,22,51.2,14.6,24.3,Saturday,Spring,1,58,500.47
HH0461,Servis Shoe Outlet,Outlet,5,5,11.0,9.0,23.7,0.0,0.38,13.3,12,0.0,0.0,38.5,Thursday,Summer,0,72,33.08
HH0462,National Leather Industry,Industry,65,8,7.1,5.4,23.3,0.0,3.07,14.8,12,55.2,6.1,28.6,Tuesday,Monsoon,0,58,254.84
HH0463,Yasir Hussain,Apartment,1,4,2.4,7.1,22.0,0.41,0.45,9.5,10,0.0,0.0,25.5,Monday,Winter,0,35,14.75
HH0464,Warda Soomro,Apartment,4,3,9.9,13.0,23.0,0.96,0.71,5.9,4,0.0,0.0,43.1,Monday,Summer,0,35,26.63
HH0465,Shazia Mirza,Villa,4,5,7.7,13.8,22.9,0.21,0.42,9.5,7,0.0,0.0,35.6,Wednesday,Summer,0,30,23.24
HH0466,Al-Rehman General Store,General Store,4,2,6.7,6.9,22.6,0.0,0.63,9.0,11,0.0,0.0,40.4,Friday,Summer,0,48,20.38
HH0467,Bismillah Kiryana Store,General Store,2,1,11.9,10.9,22.7,0.0,0.61,8.9,22,0.0,0.0,43.1,Thursday,Summer,0,48,29.9
HH0468,Junaid Jamshed Outlet,Outlet,5,4,7.7,10.5,23.5,0.0,0.39,11.1,25,0.0,0.0,39.6,Friday,Summer,0,72,28.95
HH0469,Sialkot Sports Industry,Industry,53,9,8.7,7.7,23.4,0.0,2.3,10.7,11,61.5,10.6,34.3,Saturday,Summer,1,58,442.05
HH0470,Bata Shoe Outlet,Outlet,3,3,2.6,8.5,22.5,0.0,0.2,10.9,18,0.0,0.0,24.9,Thursday,Spring,0,72,13.42
HH0471,Kashif Awan,Apartment,2,3,3.2,10.3,24.0,0.4,0.51,9.0,12,0.0,0.0,28.7,Thursday,Monsoon,0,35,15.88
HH0472,Hira Butt,Apartment,5,3,6.1,12.1,22.7,0.86,0.59,5.7,11,0.0,0.0,33.9,Sunday,Summer,1,35,21.3
HH0473,Al-Karam Store,General Store,1,2,6.7,7.0,23.3,0.0,0.1,10.5,15,0.0,0.0,34.0,Friday,Summer,0,48,15.54
HH0474,Uzma Baloch,Independent House,6,4,0.7,7.6,23.0,0.41,0.68,6.2,5,0.0,0.0,23.4,Tuesday,Spring,0,33,11.63
HH0475,Noor Mirza,Villa,7,9,10.7,16.6,22.8,1.0,0.44,9.3,11,0.0,0.0,42.2,Saturday,Summer,1,30,40.94
HH0476,Mehwish Qureshi,Apartment,2,1,0.0,9.3,23.4,0.16,0.33,5.8,14,0.0,0.0,9.9,Wednesday,Winter,0,35,7.24
HH0477,Adnan Hussain,Apartment,1,3,6.4,13.7,21.8,0.68,0.52,6.5,14,0.0,0.0,36.8,Wednesday,Summer,0,35,20.5
HH0478,Faizan General Store,General Store,4,1,7.3,14.7,24.0,0.0,0.48,12.2,20,0.0,0.0,34.4,Tuesday,Summer,0,48,22.14
HH0479,Al-Karam Store,General Store,4,4,10.7,5.0,23.0,0.0,0.52,8.7,23,0.0,0.0,28.9,Sunday,Monsoon,1,48,31.22
HH0480,Al-Fateh Steel Industry,Industry,47,9,8.2,12.4,22.9,0.0,2.18,15.2,20,18.5,14.8,32.8,Monday,Summer,0,58,219.69
HH0481,Bilal Abbasi,Apartment,5,3,4.2,9.2,23.1,1.2,0.64,8.9,6,0.0,0.0,30.1,Friday,Monsoon,0,35,17.19
HH0482,Star Textile Industry,Industry,47,9,4.1,8.6,23.5,0.0,2.1,11.3,26,44.4,6.9,12.1,Tuesday,Winter,1,58,227.83
HH0483,Zainab Raza,Independent House,4,5,6.2,11.0,23.8,0.73,0.55,10.2,8,0.0,0.0,33.3,Thursday,Monsoon,0,33,23.49
HH0484,Sadiq General Store,General Store,2,4,7.5,4.9,22.7,0.0,0.32,12.1,20,0.0,0.0,31.6,Tuesday,Summer,0,48,24.59
HH0485,Hamza Sultan,Independent House,4,5,9.5,11.0,22.4,1.05,0.39,6.1,10,0.0,0.0,32.9,Saturday,Summer,1,33,28.94
HH0486,Star Textile Industry,Industry,47,6,11.7,12.5,22.9,0.0,1.97,14.2,8,15.2,7.4,40.6,Thursday,Summer,0,58,119.41
HH0487,Samina Iqbal,Villa,6,7,10.3,11.1,23.5,1.1,0.61,9.5,8,0.0,0.0,42.4,Saturday,Summer,1,30,33.37
HH0488,Adnan Butt,Independent House,7,4,3.8,5.2,23.9,0.54,0.68,7.7,14,0.0,0.0,26.1,Monday,Monsoon,0,33,18.23
HH0489,Asad Gill,Apartment,3,3,5.7,10.5,23.1,0.23,0.66,9.8,5,0.0,0.0,40.2,Friday,Summer,0,35,21.89
HH0490,Sialkot Sports Factory,Factory,81,11,2.1,6.1,23.9,0.0,3.2,13.4,11,85.7,7.0,10.5,Wednesday,Winter,0,82,416.56
HH0491,Sara Awan,Apartment,2,2,0.0,3.9,22.3,0.26,0.43,5.3,8,0.0,0.0,20.2,Friday,Spring,0,35,8.42
HH0492,Salman Butt,Independent House,5,5,0.0,3.0,23.0,1.36,0.68,,4,0.0,0.0,12.6,Saturday,Winter,1,33,8.67
HH0493,Bushra Hussain,Independent House,7,7,0.0,3.3,22.2,1.03,0.51,6.9,13,0.0,0.0,12.8,Friday,Winter,0,33,15.75
HH0494,Noor Farooq,Independent House,2,3,0.0,3.3,21.8,0.79,0.1,6.6,6,0.0,0.0,,Friday,Winter,0,33,8.39
HH0495,Ayesha Siddiqui,Independent House,7,4,0.0,9.1,23.4,0.58,0.45,4.3,11,0.0,0.0,15.3,Wednesday,Winter,0,33,13.59
HH0496,Faizan General Store,General Store,1,2,6.5,3.9,22.3,0.0,0.24,11.1,10,0.0,0.0,29.1,Thursday,Summer,0,48,16.88
HH0497,Sadiq General Store,General Store,1,4,15.2,16.0,22.9,0.0,0.29,7.6,20,0.0,0.0,41.3,Monday,Summer,0,48,36.36
HH0498,Outfitters Outlet,Outlet,8,2,8.6,14.1,21.9,0.0,0.47,14.9,22,0.0,0.0,31.9,Saturday,Summer,1,72,29.95
HH0499,Millat Tractors Factory,Factory,64,11,6.7,9.5,23.3,0.0,2.76,12.8,12,87.3,14.1,25.0,Monday,Spring,0,82,795.58
HH0500,Yasir Zaidi,Independent House,7,7,4.4,4.2,22.4,0.83,0.6,8.8,10,0.0,0.0,29.6,Tuesday,Spring,0,33,21.68
HH0501,Junaid Jamshed Outlet,Outlet,7,5,6.2,9.2,23.1,0.0,0.55,11.8,15,0.0,0.0,32.1,Monday,Summer,1,72,28.5
HH0502,Ahmed Ali,Apartment,5,5,3.9,12.8,23.9,1.2,0.74,7.5,4,0.0,0.0,30.0,Tuesday,Monsoon,0,35,21.16
HH0503,Shahzad Qureshi,Apartment,1,1,7.8,10.2,23.3,2.44,0.29,6.2,7,0.0,0.0,39.0,Wednesday,Summer,0,35,20.55
HH0504,Junaid Siddiqui,Independent House,2,5,5.3,10.5,22.9,0.43,0.1,8.2,13,0.0,0.0,29.4,Tuesday,Monsoon,0,33,21.51
HH0505,Noor General Store,General Store,2,4,10.9,14.0,23.2,0.0,0.42,12.5,28,0.0,0.0,38.7,Saturday,Summer,1,48,35.93
HH0506,Samina Durrani,Independent House,3,3,7.7,6.6,22.7,1.55,0.37,7.6,7,0.0,0.0,33.6,Saturday,Summer,1,33,22.25
HH0507,Noor Awan,Villa,7,7,3.6,8.7,24.0,2.05,0.61,11.1,14,0.0,0.0,25.1,Saturday,Monsoon,1,30,24.66
HH0508,Metro Cash Outlet,Outlet,5,5,11.4,8.3,22.2,0.0,0.56,8.8,20,0.0,0.0,,Thursday,Summer,0,72,34.21
HH0509,Metro Cash Outlet,Outlet,6,5,2.4,11.0,22.5,0.0,0.59,13.0,11,0.0,0.0,20.5,Friday,Winter,0,72,17.47
HH0510,Farah Niazi,Independent House,4,6,6.9,9.1,23.7,0.0,0.76,8.2,5,0.0,0.0,37.9,Friday,Summer,0,33,26.1
HH0511,Mahnoor Baig,Apartment,5,3,2.1,10.6,23.0,0.42,0.44,7.3,12,0.0,0.0,31.3,Monday,Monsoon,0,35,15.53
HH0512,Naveed Ahmed,Independent House,7,5,4.4,6.0,23.0,0.62,0.8,8.0,4,0.0,0.0,29.1,Saturday,Monsoon,1,33,20.03
HH0513,Tariq Zaidi,Independent House,5,6,7.8,7.7,23.2,0.1,0.57,8.1,13,0.0,0.0,38.6,Tuesday,Summer,0,33,26.68
HH0514,Muhammad Khan,Independent House,5,5,8.4,15.2,23.0,0.23,0.54,7.8,4,0.0,0.0,35.6,Wednesday,Summer,0,33,26.9
HH0515,Al-Fatah Outlet,Outlet,9,5,1.2,10.4,22.7,0.0,0.85,9.1,25,0.0,0.0,13.0,Friday,Winter,0,72,20.99
HH0516,Kashif Hussain,Independent House,7,6,0.0,7.6,23.0,0.54,0.66,6.2,9,0.0,0.0,15.6,Sunday,Winter,1,33,14.85
HH0517,Rukhsana Siddiqui,Villa,3,7,3.4,6.3,22.2,0.64,0.43,7.4,4,0.0,0.0,23.6,Saturday,Winter,1,30,18.85
HH0518,Waqas Zaidi,Apartment,5,3,7.7,11.9,21.9,1.28,0.41,9.4,13,0.0,0.0,45.2,Friday,Summer,0,35,25.52
HH0519,Interloop Textile Factory,Factory,43,13,9.8,15.4,23.5,0.0,2.05,15.3,27,40.7,12.9,34.3,Sunday,Summer,1,82,379.11
HH0520,Al-Noor Plastic Industry,Industry,66,7,5.4,6.2,22.6,0.0,2.59,15.6,24,30.3,14.6,17.4,Wednesday,Winter,0,58,316.92
HH0521,Khaadi Outlet,Outlet,3,4,3.6,8.4,23.2,0.0,0.29,7.9,26,0.0,0.0,26.8,Sunday,Monsoon,1,72,21.71
HH0522,Faisal Bhatti,Apartment,4,5,3.3,7.5,22.9,0.01,0.5,5.6,8,0.0,0.0,33.6,Tuesday,Summer,0,35,18.42
HH0523,Tayyaba Farooq,Independent House,6,6,7.7,9.7,21.9,0.92,0.72,5.5,14,0.0,0.0,,Monday,Summer,0,33,26.79
HH0524,Asma Ahmed,Villa,6,6,6.1,6.0,22.4,2.36,0.69,6.7,12,0.0,0.0,30.0,Sunday,Monsoon,1,30,24.86
HH0525,Noor General Store,General Store,4,1,8.9,9.0,22.2,0.0,0.49,9.6,15,0.0,0.0,34.4,Wednesday,Summer,0,48,22.8
HH0526,Sialkot Sports Factory,Factory,55,10,3.9,3.7,22.4,0.0,2.44,11.6,26,26.6,9.9,11.0,Thursday,Winter,0,82,204.33
HH0527,Hira Sultan,Apartment,3,2,8.0,15.7,23.9,1.36,0.55,6.9,14,0.0,0.0,36.9,Thursday,Summer,0,35,25.97
HH0528,Rukhsana Javed,Apartment,5,2,3.6,7.2,23.7,0.5,0.62,6.1,5,0.0,0.0,30.4,Saturday,Monsoon,1,35,13.93
HH0529,Servis Shoe Outlet,Outlet,4,3,4.1,9.3,23.0,0.0,0.61,12.9,8,0.0,0.0,25.7,Sunday,Spring,1,72,17.1
HH0530,Saad Chaudhry,Apartment,1,1,9.9,12.9,22.5,1.41,0.44,7.3,11,0.0,0.0,39.3,Sunday,Summer,1,35,24.38
HH0531,Zainab Soomro,Independent House,4,5,0.0,2.2,22.0,0.49,0.6,6.8,11,0.0,0.0,16.4,Wednesday,Winter,0,33,10.97
HH0532,Iqra Javed,Independent House,6,4,3.0,15.5,24.0,1.13,0.58,6.6,4,0.0,0.0,31.1,Tuesday,Monsoon,0,33,18.4
HH0533,Usman Butt,Independent House,3,6,0.0,5.4,24.0,1.88,0.4,8.5,7,0.0,0.0,17.7,Thursday,Winter,0,33,13.18
HH0534,National Leather Industry,Industry,39,9,10.5,11.4,22.9,0.0,1.86,12.2,12,34.6,15.9,39.8,Friday,Summer,0,58,381.65
HH0535,Al-Karam Store,General Store,2,3,1.7,7.6,23.4,0.0,0.46,15.4,19,0.0,0.0,18.9,Monday,Winter,0,48,15.75
HH0536,Imran Qureshi,Apartment,3,2,5.5,11.6,22.2,0.2,0.39,5.4,14,0.0,0.0,35.3,Wednesday,Summer,0,35,15.82
HH0537,Umar Malik,Independent House,3,5,7.4,11.1,22.3,0.24,0.47,4.9,6,0.0,0.0,38.0,Friday,Summer,0,33,24.7
HH0538,Ravi Steel Factory,Factory,98,12,6.0,3.2,22.6,0.0,4.24,12.3,9,44.7,10.9,27.5,Friday,Monsoon,0,82,352.37
HH0539,Al-Noor Plastic Industry,Industry,71,7,5.9,7.1,22.5,0.0,2.95,8.4,16,69.3,7.1,10.7,Sunday,Winter,1,58,347.27
HH0540,Nadeem Malik,Apartment,2,4,1.6,7.4,23.3,0.46,0.19,7.2,13,0.0,0.0,28.5,Wednesday,Monsoon,0,35,15.11
HH0541,Zainab Yousaf,Independent House,4,4,0.0,9.0,23.8,0.63,0.38,7.7,14,0.0,0.0,13.9,Saturday,Winter,1,33,13.08
HH0542,Imran Javed,Villa,3,5,0.4,3.5,23.6,0.6,0.33,5.5,6,0.0,0.0,28.3,Wednesday,Monsoon,0,30,11.87
HH0543,Nadia Baloch,Apartment,4,2,6.2,14.8,22.6,1.31,0.56,7.2,14,0.0,0.0,32.2,Sunday,Monsoon,1,35,20.53
HH0544,Saad Khan,Independent House,3,5,2.8,9.8,23.8,1.38,0.52,6.8,4,0.0,0.0,29.1,Wednesday,Monsoon,0,33,19.54
HH0545,Arslan Rana,Apartment,5,5,1.7,11.5,23.3,1.04,0.44,6.3,8,0.0,0.0,27.8,Saturday,Monsoon,1,35,18.74
HH0546,Bismillah Kiryana Store,General Store,3,4,10.1,14.6,22.7,0.0,0.58,13.6,25,0.0,0.0,40.2,Thursday,Summer,0,48,34.11
HH0547,Sialkot Sports Industry,Industry,59,7,11.8,7.2,22.8,0.0,2.67,11.9,22,60.3,10.7,40.9,Sunday,Summer,1,58,445.8
HH0548,Faizan General Store,General Store,4,4,1.3,6.0,23.2,0.0,0.44,9.0,23,0.0,0.0,12.0,Saturday,Winter,1,48,17.15
HH0549,Rukhsana Ali,Independent House,4,6,,3.0,23.7,1.37,0.51,8.2,6,0.0,0.0,13.0,Saturday,Winter,1,33,10.32
HH0550,Komal Javed,Apartment,1,3,0.0,8.5,23.8,0.11,0.56,7.6,6,0.0,0.0,25.7,Thursday,Monsoon,0,35,7.21
HH0551,Maria Baloch,Villa,5,6,0.0,7.7,23.4,0.37,0.69,10.0,12,0.0,0.0,16.2,Tuesday,Winter,0,30,16.14
HH0552,Nadeem Siddiqui,Independent House,4,3,7.0,10.4,23.5,0.08,0.34,8.0,14,0.0,0.0,35.6,Monday,Summer,0,33,24.02
HH0553,Sialkot Sports Factory,Factory,70,12,10.4,6.2,22.2,0.0,3.37,13.6,23,69.0,14.7,35.3,Thursday,Summer,0,82,675.84
HH0554,Saad Bhatti,Villa,8,7,5.7,8.6,23.9,0.24,0.52,5.2,13,0.0,0.0,34.6,Tuesday,Summer,0,30,27.29
HH0555,Warda Qureshi,Apartment,1,3,1.0,5.4,23.5,0.63,0.1,8.5,9,0.0,0.0,23.2,Saturday,Monsoon,1,35,11.94
HH0556,Naveed Rana,Apartment,3,2,0.0,2.1,22.7,2.23,0.63,6.7,7,0.0,0.0,23.5,Wednesday,Monsoon,0,35,4.46
HH0557,Asad Malik,Apartment,5,4,0.0,5.3,22.2,0.4,0.47,6.2,5,0.0,0.0,12.8,Friday,Winter,1,35,11.43
HH0558,Sana Rana,Apartment,1,4,0.0,8.3,23.2,1.65,0.56,5.8,11,0.0,0.0,18.2,Saturday,Winter,1,35,11.69
HH0559,Maria Malik,Villa,7,7,1.5,8.1,22.5,0.01,0.7,7.0,5,0.0,0.0,24.0,Tuesday,Monsoon,0,30,15.87
HH0560,Muhammad Javed,Independent House,5,3,0.0,6.0,23.3,0.21,0.38,6.7,14,0.0,0.0,17.9,Monday,Winter,0,33,9.57
HH0561,Bata Shoe Outlet,Outlet,5,3,9.6,9.4,24.0,0.0,0.48,8.4,11,0.0,0.0,35.2,Sunday,Summer,1,72,26.18
HH0562,Nadia Malik,Independent House,5,4,6.5,8.4,23.4,0.93,0.44,4.7,11,0.0,0.0,29.8,Saturday,Summer,1,33,21.78
HH0563,Junaid Jamshed Outlet,Outlet,9,4,14.6,12.4,23.7,0.0,0.71,12.7,22,0.0,0.0,45.7,Sunday,Summer,1,72,40.18
HH0564,Anum Zaidi,Independent House,6,7,2.1,13.9,22.8,2.08,0.2,9.9,4,0.0,0.0,22.1,Sunday,Spring,1,33,22.95
HH0565,Yasir Gill,Independent House,4,6,2.7,1.6,23.2,0.55,0.31,8.6,9,0.0,0.0,27.2,Friday,Monsoon,0,33,15.39
HH0566,Star Textile Industry,Industry,42,9,14.3,11.1,22.6,0.0,1.95,10.6,11,64.8,6.2,41.9,Saturday,Summer,1,58,297.86
HH0567,Anum Malik,Independent House,7,7,10.1,5.9,23.8,2.69,0.42,8.2,8,0.0,0.0,42.8,Monday,Summer,0,33,30.68
HH0568,Ali Ahmed,Villa,3,5,5.9,15.3,24.0,0.79,0.35,6.6,12,0.0,0.0,32.6,Sunday,Summer,1,30,23.32
HH0569,Punjab Rice Industry,Industry,30,6,3.5,11.8,22.0,0.0,1.7,11.8,9,68.1,7.2,22.4,Saturday,Spring,1,58,324.67
HH0570,Umar Iqbal,Independent House,5,3,7.4,13.8,23.1,0.95,0.42,7.5,7,0.0,0.0,39.4,Sunday,Summer,1,33,24.67
HH0571,Hussain Soomro,Apartment,4,5,,13.8,23.1,2.04,0.5,6.9,8,0.0,0.0,28.4,Sunday,Spring,1,35,21.44
HH0572,Gul Ahmed Outlet,Outlet,8,3,13.7,8.8,23.7,0.0,0.52,12.8,18,0.0,0.0,39.4,Saturday,Summer,1,72,34.83
HH0573,Uzma Chaudhry,Independent House,5,3,2.7,9.0,22.7,0.03,0.54,8.3,8,0.0,0.0,22.9,Wednesday,Spring,0,33,13.77
HH0574,Noor General Store,General Store,3,4,6.5,12.4,22.8,0.0,0.41,12.1,10,0.0,0.0,36.2,Sunday,Summer,1,48,23.46
HH0575,Noor General Store,General Store,1,3,9.3,10.2,23.7,0.0,0.26,11.9,13,0.0,0.0,37.6,Saturday,Summer,1,48,25.49
HH0576,Saad Qureshi,Independent House,7,7,0.0,7.5,23.4,1.69,0.48,7.3,11,0.0,0.0,14.7,Friday,Winter,0,33,17.47
HH0577,Rabia Javed,Apartment,2,4,9.5,8.5,21.8,1.14,0.13,7.8,4,0.0,0.0,40.4,Sunday,Summer,1,35,24.81
HH0578,Iqra Niazi,Independent House,2,3,6.0,13.8,23.7,0.91,0.59,7.6,8,0.0,0.0,34.2,Sunday,Monsoon,1,33,20.79
HH0579,Noor Mirza,Independent House,2,4,1.4,7.7,23.1,0.56,0.2,9.1,5,0.0,0.0,20.9,Monday,Spring,0,33,11.86
HH0580,Arslan Niazi,Independent House,2,3,0.0,3.9,22.5,0.39,0.18,5.7,14,0.0,0.0,15.4,Monday,Winter,0,33,9.83
HH0581,Danish Awan,Apartment,5,4,9.2,14.4,22.8,2.63,0.7,10.1,14,0.0,0.0,39.7,Wednesday,Summer,0,35,31.14
HH0582,Asad Soomro,Apartment,4,5,7.9,10.8,23.7,0.77,0.49,7.8,14,0.0,0.0,37.0,Friday,Summer,0,35,26.16
HH0583,Muhammad Baloch,Villa,5,5,5.2,12.3,22.2,0.99,0.45,6.2,13,0.0,0.0,36.4,Friday,Summer,0,30,25.05
HH0584,Iqra Bhatti,Villa,4,8,11.6,11.1,22.8,0.78,0.34,7.7,5,0.0,0.0,40.6,Thursday,Summer,0,30,38.14
HH0585,Naveed Siddiqui,Apartment,1,3,5.9,10.9,22.9,0.33,0.59,6.0,13,0.0,0.0,36.9,Thursday,Summer,0,35,19.7
HH0586,Umar Sheikh,Villa,8,8,5.3,9.6,23.8,0.29,0.63,6.8,10,0.0,0.0,32.1,Wednesday,Monsoon,0,30,24.28
HH0587,Shazia Hashmi,Apartment,4,3,11.3,12.6,23.5,0.43,0.57,7.6,4,0.0,0.0,41.7,Tuesday,Summer,0,35,28.41
HH0588,Fahad Iqbal,Apartment,1,1,0.1,10.0,22.9,0.53,0.41,4.8,11,0.0,0.0,21.7,Sunday,Spring,1,35,8.32
HH0589,Al-Noor Plastic Industry,Industry,42,8,3.7,7.1,23.0,0.0,1.92,11.0,25,58.3,13.0,26.4,Wednesday,Monsoon,0,58,495.42
HH0590,City General Store,General Store,3,2,1.8,7.1,23.3,0.0,0.5,10.6,12,0.0,0.0,24.5,Thursday,Spring,1,48,13.53
HH0591,Shahzad Butt,Apartment,5,3,7.0,11.3,22.7,0.61,0.56,7.8,13,0.0,0.0,34.6,Saturday,Summer,1,35,24.68
HH0592,Waqas Chaudhry,Independent House,6,7,2.1,8.0,22.5,0.16,0.67,7.5,12,0.0,0.0,28.1,Thursday,Monsoon,0,33,19.24
HH0593,Ravi Steel Factory,Factory,114,13,2.8,8.2,22.3,0.0,5.01,9.7,8,35.1,10.1,16.1,Sunday,Winter,1,82,282.99
HH0594,New Metro Store,General Store,1,1,1.3,0.0,22.6,0.0,0.32,10.5,14,0.0,0.0,16.7,Saturday,Winter,1,48,9.86
HH0595,Kiran Javed,Independent House,7,7,7.5,14.2,23.8,0.86,0.37,5.9,11,0.0,0.0,35.7,Saturday,Summer,1,33,31.17
HH0596,Metro Engineering Industry,Industry,62,6,16.0,15.9,22.7,0.0,2.83,10.6,11,30.2,13.1,41.1,Sunday,Summer,1,58,300.31
HH0597,Hassan Ahmed,Apartment,1,3,0.0,11.4,23.7,0.66,0.42,9.8,9,0.0,0.0,19.5,Thursday,Winter,0,35,9.32
HH0598,New Metro Store,General Store,3,1,,2.5,22.9,0.0,0.72,8.9,23,0.0,0.0,9.5,Friday,Winter,0,48,15.25
HH0599,Sara Siddiqui,Independent House,3,3,0.0,0.0,23.5,0.17,0.43,6.4,11,0.0,0.0,15.7,Monday,Winter,0,33,9.32
HH0600,Ahmed Abbasi,Apartment,3,5,10.4,9.8,23.2,0.45,0.5,7.1,9,0.0,0.0,41.5,Monday,Summer,0,35,25.76
HH0601,Al-Karam Store,General Store,4,4,8.1,14.3,23.4,0.0,0.75,12.1,8,0.0,0.0,33.7,Wednesday,Summer,0,48,25.93
HH0602,Rimsha Hussain,Independent House,4,4,5.1,9.4,23.5,0.84,0.44,10.7,5,0.0,0.0,29.1,Wednesday,Monsoon,1,33,19.42
HH0603,Arslan Hashmi,Apartment,1,4,0.0,5.3,23.5,0.09,0.34,10.8,11,0.0,0.0,16.4,Wednesday,Winter,0,35,10.65
HH0604,Iqra Sheikh,Apartment,3,2,6.4,9.0,22.9,0.8,0.39,4.3,5,0.0,0.0,42.1,Wednesday,Summer,0,35,15.29
HH0605,Bilal Awan,Apartment,4,2,4.9,10.6,23.7,0.35,0.6,4.4,5,0.0,0.0,29.7,Friday,Monsoon,0,35,15.93
HH0606,Bushra Rana,Independent House,6,5,4.9,6.6,22.6,0.48,0.78,6.5,9,0.0,0.0,34.1,Tuesday,Summer,0,33,18.64
HH0607,Kashif Rana,Apartment,1,1,4.5,6.7,22.2,1.4,0.38,4.9,6,0.0,0.0,25.2,Sunday,Spring,1,35,14.1
HH0608,Bushra Raza,Independent House,6,5,1.3,9.4,23.3,0.06,0.44,6.1,6,0.0,0.0,27.1,Monday,Monsoon,0,33,13.55
HH0609,Mehwish Awan,Apartment,1,1,0.0,1.4,23.0,0.54,0.42,4.7,8,0.0,0.0,11.4,Monday,Winter,0,35,7.29
HH0610,Faizan General Store,General Store,3,3,8.2,10.9,24.0,0.0,0.46,12.5,14,0.0,0.0,36.4,Friday,Summer,0,48,23.67
HH0611,Faisal Ahmed,Apartment,1,1,11.4,9.7,21.7,1.19,0.5,8.4,12,0.0,0.0,40.4,Friday,Summer,1,35,29.73
HH0612,Imran Khan,Apartment,2,4,8.8,11.0,23.1,0.21,0.32,5.5,8,0.0,0.0,41.1,Tuesday,Summer,0,35,24.36
HH0613,Sara Rana,Villa,8,9,4.3,,22.6,0.02,0.6,10.2,7,0.0,0.0,34.3,Monday,Summer,0,30,25.61
HH0614,Sapphire Retail Outlet,Outlet,3,2,2.2,5.9,23.6,0.0,0.33,7.8,8,0.0,0.0,27.7,Tuesday,Monsoon,0,72,14.67
HH0615,Sadia Baig,Independent House,7,6,2.4,,22.7,0.5,0.41,5.9,8,0.0,0.0,25.2,Friday,Spring,0,33,17.63
HH0616,Al-Karam Store,General Store,2,2,6.8,9.4,23.4,0.0,0.21,11.3,29,0.0,0.0,34.6,Thursday,Summer,0,48,25.85
HH0617,Samina Khan,Villa,5,7,7.5,11.1,23.0,0.47,0.25,8.7,8,0.0,0.0,36.3,Thursday,Summer,0,30,28.38
HH0618,Kamran Abbasi,Independent House,3,3,,14.0,23.5,0.51,0.59,7.4,5,0.0,0.0,39.5,Sunday,Summer,1,33,22.77
HH0619,Al-Aziz Industry,Industry,40,9,8.6,9.8,23.4,0.0,2.1,12.2,12,61.0,7.0,29.6,Tuesday,Spring,0,58,304.77
HH0620,Faisal Rana,Apartment,1,2,1.3,8.9,24.0,1.02,0.36,8.8,12,0.0,0.0,23.4,Monday,Spring,0,35,13.93
HH0621,Crescent Chemical Industry,Industry,68,8,11.6,12.9,22.8,0.0,2.73,13.2,16,36.9,14.8,40.1,Thursday,Summer,0,58,388.84
HH0622,Noor General Store,General Store,3,4,10.6,13.0,24.0,0.0,0.42,10.9,25,0.0,0.0,31.3,Sunday,Summer,1,48,31.89
HH0623,Al-Aziz Industry,Industry,27,8,5.5,6.5,22.8,0.0,1.61,15.3,25,38.6,11.4,13.8,Friday,Winter,1,58,304.95
HH0624,Bilal Qureshi,Apartment,5,5,8.6,9.6,22.6,0.27,0.48,5.3,4,0.0,0.0,38.6,Tuesday,Summer,0,35,24.3
HH0625,Metro Cash Outlet,Outlet,3,4,11.6,10.4,22.9,0.0,0.63,14.9,20,0.0,0.0,44.3,Saturday,Summer,1,72,36.46
HH0626,Sadiq General Store,General Store,1,3,9.8,10.9,22.5,0.0,0.37,11.2,9,0.0,0.0,37.8,Wednesday,Summer,0,48,25.02
HH0627,Maria Mirza,Villa,3,7,3.3,8.4,23.8,0.15,0.21,10.0,14,0.0,0.0,26.0,Friday,Monsoon,0,30,20.83
HH0628,Naveed Ahmed,Independent House,7,7,8.6,14.1,22.4,1.13,0.66,9.8,6,0.0,0.0,41.8,Friday,Summer,0,33,31.53
HH0629,Mehwish Siddiqui,Independent House,5,3,7.5,12.4,23.0,0.38,0.51,7.4,10,0.0,0.0,35.9,Friday,Summer,1,33,22.76
HH0630,Komal Chaudhry,Independent House,6,6,3.8,10.7,22.6,2.41,0.46,6.9,9,0.0,0.0,33.2,Saturday,Summer,1,33,22.4
HH0631,Al-Hamd Textile Factory,Factory,35,13,7.8,13.2,22.7,0.0,1.73,,13,30.3,8.6,27.4,Friday,Monsoon,0,82,210.43
HH0632,Chase Value Outlet,Outlet,4,2,2.7,9.3,22.7,0.0,0.26,10.2,25,0.0,0.0,17.4,Saturday,Winter,1,72,20.54
HH0633,Imran Rana,Apartment,2,1,0.0,7.6,22.6,1.09,0.56,5.0,12,0.0,0.0,10.4,Tuesday,Winter,0,35,9.08
HH0634,Noor Hussain,Villa,4,6,9.8,9.0,23.7,3.27,0.59,6.8,7,0.0,0.0,42.1,Sunday,Summer,1,30,29.56
HH0635,Rabia Qureshi,Apartment,5,4,3.2,9.9,23.8,0.95,0.38,10.0,12,0.0,0.0,36.5,Monday,Summer,0,35,18.02
HH0636,Kashif Javed,Independent House,5,3,0.0,9.7,23.3,0.01,0.43,7.0,8,0.0,0.0,13.8,Friday,Winter,0,33,12.94
HH0637,Saima Sultan,Apartment,4,4,0.0,8.3,23.7,1.15,0.43,6.4,10,0.0,0.0,13.6,Sunday,Winter,1,35,13.17
HH0638,Salman Zaidi,Independent House,6,4,5.8,9.3,22.6,0.65,0.65,9.4,5,0.0,0.0,29.6,Saturday,Monsoon,1,33,21.46
HH0639,Bushra Baloch,Apartment,4,4,4.7,12.7,23.1,0.69,0.25,7.9,10,0.0,0.0,31.4,Thursday,Monsoon,0,35,20.98
HH0640,Rimsha Khan,Villa,4,7,10.1,12.5,23.1,0.83,0.66,8.4,10,0.0,0.0,39.7,Sunday,Summer,1,30,35.46
HH0641,Noor General Store,General Store,4,2,3.2,7.4,22.7,0.0,0.53,8.5,22,0.0,0.0,25.3,Sunday,Monsoon,1,48,17.45
HH0642,Metro Cash Outlet,Outlet,3,2,4.0,8.2,23.8,0.0,0.37,8.9,18,0.0,0.0,27.6,Monday,Monsoon,0,72,16.0
HH0643,Noor General Store,General Store,1,3,10.7,9.3,23.8,0.0,0.15,8.4,25,0.0,0.0,43.3,Thursday,Summer,0,48,28.1
HH0644,Sana Hussain,Apartment,2,3,6.0,10.0,22.6,0.05,0.59,5.8,12,0.0,0.0,38.3,Monday,Summer,0,35,18.71
HH0645,Chase Value Outlet,Outlet,8,4,10.8,4.3,22.7,0.0,0.62,8.7,26,0.0,0.0,41.9,Wednesday,Summer,0,72,30.87
HH0646,Mahnoor Ali,Independent House,4,5,9.1,9.5,22.9,1.08,0.72,8.6,12,0.0,0.0,40.0,Sunday,Summer,1,33,30.56
HH0647,Bismillah Kiryana Store,General Store,4,1,2.6,7.8,23.0,0.0,0.4,7.9,20,0.0,0.0,13.8,Saturday,Winter,1,48,15.23
HH0648,Faisalabad Textile Industry,Industry,30,7,5.4,7.1,21.9,0.0,1.59,11.2,9,49.4,14.9,10.2,Friday,Winter,0,58,475.29
HH0649,Outfitters Outlet,Outlet,9,3,6.0,7.5,23.1,0.0,0.57,11.2,21,0.0,0.0,28.5,Wednesday,Monsoon,0,72,27.26
HH0650,Yasir Qureshi,Apartment,4,3,2.3,5.7,23.2,1.22,0.6,7.8,14,0.0,0.0,21.8,Sunday,Spring,1,35,14.34
HH0651,Noor Rana,Villa,6,8,3.2,,23.6,0.55,0.59,10.0,6,0.0,0.0,26.4,Saturday,Monsoon,1,30,26.58
HH0652,Faizan General Store,General Store,4,4,9.5,10.1,23.1,0.0,0.41,10.1,21,0.0,0.0,35.4,Thursday,Summer,0,48,29.0
HH0653,Fatima Zaidi,Villa,6,8,6.1,12.8,22.6,0.73,0.74,7.3,7,0.0,0.0,39.2,Thursday,Summer,0,30,27.22
HH0654,Maria Chaudhry,Apartment,3,2,3.2,7.9,23.7,0.73,0.51,4.3,6,0.0,0.0,23.4,Saturday,Monsoon,1,35,13.11
HH0655,Noor Hashmi,Villa,5,6,0.0,3.0,23.9,0.86,0.71,9.5,7,0.0,0.0,7.3,Sunday,Winter,1,30,11.1
HH0656,Sapphire Retail Outlet,Outlet,5,4,7.7,12.9,23.3,0.0,0.2,13.6,18,0.0,0.0,32.5,Saturday,Summer,1,72,27.36
HH0657,Nadeem Hashmi,Apartment,1,3,3.0,12.7,23.9,1.35,0.4,,8,0.0,0.0,33.2,Friday,Monsoon,0,35,17.54
HH0658,Rehman Kiryana Store,General Store,1,3,2.5,9.9,23.3,0.0,0.37,10.6,19,0.0,0.0,24.7,Friday,Monsoon,0,48,17.7
HH0659,Bilal Sultan,Villa,8,8,9.1,9.8,23.4,0.37,0.35,9.8,11,0.0,0.0,40.6,Wednesday,Summer,0,30,33.64
HH0660,Rizwan Butt,Independent House,6,4,7.4,13.5,23.4,1.33,0.48,8.0,14,0.0,0.0,42.4,Wednesday,Summer,0,33,29.78
HH0661,Ahmed Khan,Apartment,1,4,0.0,2.9,22.7,1.15,0.27,6.8,11,0.0,0.0,15.0,Sunday,Winter,1,35,11.83
HH0662,Zainab Hussain,Apartment,1,4,7.8,10.8,22.4,1.38,0.36,7.6,5,0.0,0.0,38.6,Saturday,Summer,1,35,24.91
HH0663,Bismillah Kiryana Store,General Store,4,1,4.3,10.4,22.9,0.0,0.35,12.5,11,0.0,0.0,24.4,Friday,Monsoon,0,48,14.79
HH0664,Yasir Rathore,Apartment,5,3,7.6,13.0,22.8,0.14,0.45,9.8,11,0.0,0.0,41.3,Monday,Summer,0,35,24.45
HH0665,Salman Javed,Independent House,2,5,0.0,7.8,23.6,1.18,0.31,5.7,8,0.0,0.0,17.8,Saturday,Winter,1,33,13.67
HH0666,Interloop Textile Factory,Factory,48,12,7.6,7.0,22.5,0.0,2.28,12.9,19,17.0,13.6,25.7,Sunday,Monsoon,1,82,191.78
HH0667,Nadia Ali,Independent House,3,5,3.3,8.1,22.5,1.51,0.65,7.9,14,0.0,0.0,26.4,Sunday,Monsoon,1,33,20.32
HH0668,Shahzad Zaidi,Apartment,5,5,8.4,19.9,21.8,2.88,0.73,6.8,12,0.0,0.0,47.4,Friday,Summer,0,35,34.46
HH0669,Maria Javed,Apartment,4,2,0.0,2.3,23.3,2.07,0.53,7.8,14,0.0,0.0,10.6,Friday,Winter,0,35,10.51
HH0670,Rukhsana Hussain,Apartment,5,5,0.0,10.2,22.3,0.42,0.19,6.1,9,0.0,0.0,22.6,Friday,Spring,0,35,14.31
HH0671,Interloop Textile Factory,Factory,87,11,11.4,11.9,22.6,0.0,3.77,13.1,21,76.5,8.8,40.3,Tuesday,Summer,0,82,481.67
HH0672,Rehman Kiryana Store,General Store,2,2,10.3,6.4,22.0,0.0,0.45,9.6,27,0.0,0.0,34.8,Wednesday,Summer,0,48,27.58
HH0673,Junaid Awan,Apartment,3,3,2.8,10.4,22.7,0.6,0.31,5.5,9,0.0,0.0,23.9,Saturday,Spring,1,35,17.22
HH0674,Rehman Kiryana Store,General Store,2,3,9.4,8.3,23.1,0.0,0.63,12.0,16,0.0,0.0,36.3,Saturday,Summer,1,48,26.79
HH0675,Kamran Hussain,Apartment,5,3,7.7,12.9,22.9,2.09,0.71,8.4,6,0.0,0.0,37.1,Sunday,Summer,1,35,23.62
HH0676,Metro Cash Outlet,Outlet,4,2,3.2,7.5,23.4,0.0,0.7,9.8,15,0.0,0.0,24.0,Saturday,Spring,1,72,15.92
HH0677,Rabia Iqbal,Independent House,3,5,0.7,8.6,22.8,1.24,0.52,5.4,5,0.0,0.0,28.0,Thursday,Monsoon,0,33,14.4
HH0678,Faizan General Store,General Store,2,2,7.8,12.9,23.4,0.0,0.36,11.8,8,0.0,0.0,33.4,Sunday,Monsoon,1,48,20.04
HH0679,Fatima Hashmi,Apartment,5,5,4.2,7.6,23.5,1.25,0.44,7.4,6,0.0,0.0,36.3,Sunday,Summer,1,35,18.57
HH0680,National Leather Industry,Industry,65,8,4.3,8.1,23.9,0.0,3.05,14.0,18,49.4,11.6,19.9,Sunday,Spring,1,58,393.32
HH0681,Al-Noor Plastic Industry,Industry,27,7,7.9,6.9,22.6,0.0,1.13,12.9,19,23.1,7.6,27.4,Saturday,Monsoon,1,58,145.85
HH0682,Zeeshan Yousaf,Apartment,1,1,0.0,8.4,23.4,0.41,0.23,7.4,6,0.0,0.0,22.7,Monday,Spring,0,35,7.57
HH0683,Arslan Baig,Villa,8,8,0.0,12.7,23.2,0.78,0.59,10.4,12,0.0,0.0,19.5,Monday,Winter,0,30,21.47
HH0684,Muhammad Zaidi,Apartment,3,5,4.0,16.6,23.4,0.76,0.45,6.3,14,0.0,0.0,32.8,Sunday,Monsoon,1,35,23.82
HH0685,City General Store,General Store,1,4,6.9,11.7,23.4,0.0,0.63,10.0,27,0.0,0.0,28.9,Monday,Monsoon,0,48,27.65
HH0686,Al-Aziz Industry,Industry,18,8,4.9,7.1,23.4,0.0,0.41,14.7,17,37.4,7.5,25.1,Wednesday,Spring,0,58,203.55
HH0687,Noor Baloch,Apartment,5,3,7.5,12.7,24.0,0.86,0.46,6.8,12,0.0,0.0,42.6,Monday,Summer,0,35,22.33
HH0688,Sadiq General Store,General Store,3,2,5.0,6.0,22.5,0.0,0.73,6.5,29,0.0,0.0,25.4,Tuesday,Monsoon,0,48,20.9
HH0689,Zeeshan Abbasi,Apartment,5,2,0.0,10.6,22.9,0.16,0.27,6.9,5,0.0,0.0,19.1,Wednesday,Winter,0,35,8.67
HH0690,Hamza Baloch,Villa,7,8,7.5,8.2,22.9,0.16,0.52,8.1,10,0.0,0.0,34.5,Friday,Summer,1,30,27.15
HH0691,Servis Shoe Outlet,Outlet,3,4,3.1,8.8,23.4,0.0,0.57,11.1,14,0.0,0.0,28.3,Saturday,Spring,1,72,17.66
HH0692,Outfitters Outlet,Outlet,4,5,11.2,10.1,22.9,0.0,0.5,13.7,24,0.0,0.0,40.8,Saturday,Summer,1,72,32.64
HH0693,Nadia Hussain,Independent House,7,4,3.8,14.7,23.3,0.51,0.62,9.0,8,0.0,0.0,31.5,Monday,Monsoon,1,33,21.02
HH0694,Gul Ahmed Outlet,Outlet,9,3,7.7,16.9,22.7,0.0,0.63,10.3,12,0.0,0.0,30.0,Wednesday,Monsoon,0,72,29.15
HH0695,Crescent Chemical Industry,Industry,60,8,17.8,12.5,24.0,0.0,2.71,10.9,18,72.2,6.6,48.0,Wednesday,Summer,0,58,356.53
HH0696,Sana Soomro,Independent House,6,5,7.3,10.8,23.9,0.6,0.4,5.1,10,0.0,0.0,37.7,Tuesday,Summer,0,33,26.56
HH0697,Bata Shoe Outlet,Outlet,5,3,3.5,13.1,23.3,0.0,0.76,9.1,15,0.0,0.0,28.8,Wednesday,Monsoon,0,72,18.52
HH0698,Faisal Baloch,Apartment,3,3,0.0,8.9,23.0,1.33,0.27,7.7,4,0.0,0.0,21.4,Thursday,Spring,0,35,8.68
HH0699,Al-Hamd Textile Factory,Factory,129,12,7.7,11.8,23.3,0.0,5.42,16.7,26,29.2,11.1,31.1,Monday,Monsoon,0,82,287.49
HH0700,Amna Farooq,Independent House,6,4,4.8,10.7,22.6,1.77,0.44,5.9,5,0.0,0.0,34.3,Sunday,Summer,1,33,19.33
HH0701,Al-Karam Store,General Store,4,1,5.7,7.2,21.9,0.0,0.57,11.9,27,0.0,0.0,29.7,Friday,Monsoon,0,48,18.95
HH0702,Komal Malik,Apartment,3,3,3.1,7.0,22.7,0.85,0.24,6.9,5,0.0,0.0,26.4,Sunday,Spring,1,35,13.66
HH0703,Al-Madina General Store,General Store,4,1,14.1,12.2,23.8,0.0,0.5,7.7,16,0.0,0.0,42.2,Friday,Summer,0,48,32.49
HH0704,Rehman Kiryana Store,General Store,3,1,7.9,14.1,23.1,0.0,0.46,11.7,13,0.0,0.0,34.1,Tuesday,Summer,0,48,20.52
HH0705,Iqra Abbasi,Villa,6,9,7.5,9.5,22.2,2.55,0.72,9.6,9,0.0,0.0,38.1,Friday,Summer,0,30,34.15
HH0706,Samina Khan,Independent House,7,6,5.8,15.2,23.0,0.48,0.44,4.2,10,0.0,0.0,33.7,Wednesday,Summer,0,33,24.03
HH0707,Kamran Baig,Independent House,6,5,3.3,15.2,23.3,0.1,0.54,7.7,10,0.0,0.0,32.6,Friday,Summer,0,33,21.05
HH0708,Kamran Ali,Independent House,7,7,2.6,13.6,22.5,1.2,0.46,8.0,4,0.0,0.0,26.3,Sunday,Spring,1,33,23.35
HH0709,Kamran Rathore,Independent House,2,4,0.0,9.8,22.2,1.38,0.4,8.4,5,0.0,0.0,20.8,Sunday,Winter,1,33,10.89
HH0710,Bilal Gill,Independent House,3,3,2.2,,24.0,0.68,0.51,7.2,8,0.0,0.0,31.1,Wednesday,Summer,0,33,16.46
HH0711,Rabia Baig,Apartment,5,5,5.6,12.1,23.1,0.17,0.42,8.4,14,0.0,0.0,33.0,Tuesday,Summer,0,35,24.06
HH0712,Muhammad Ahmed,Apartment,2,2,2.7,6.1,24.0,0.92,0.54,5.4,13,0.0,0.0,25.6,Thursday,Monsoon,0,35,15.88
HH0713,Ahmed Javed,Independent House,6,6,7.6,4.6,23.0,1.29,0.64,6.9,10,0.0,0.0,39.9,Wednesday,Summer,0,33,45.98
HH0714,New Metro Store,General Store,4,4,1.4,5.1,24.0,0.0,0.59,11.8,29,0.0,0.0,15.7,Monday,Winter,0,48,18.08
HH0715,Bata Shoe Outlet,Outlet,7,3,,4.7,24.0,0.0,0.41,10.3,27,0.0,0.0,21.0,Thursday,Spring,0,72,19.58
HH0716,Sidra Mirza,Apartment,4,4,5.8,9.8,23.4,1.46,0.52,8.9,14,0.0,0.0,29.6,Saturday,Monsoon,1,35,21.89
HH0717,Hassan Mirza,Apartment,4,3,1.0,12.8,22.5,3.87,0.54,6.6,8,0.0,0.0,21.8,Sunday,Spring,1,35,13.84
HH0718,Faisal Sultan,Apartment,1,4,7.0,8.2,23.5,2.09,0.55,6.0,9,0.0,0.0,36.3,Tuesday,Summer,1,35,22.04
HH0719,Bismillah Kiryana Store,General Store,3,1,5.1,6.5,23.6,0.0,0.26,10.8,23,0.0,0.0,,Sunday,Spring,1,48,19.33
HH0720,Al-Noor Plastic Industry,Industry,29,6,4.4,10.6,23.3,0.0,1.44,8.0,29,47.9,7.0,21.4,Wednesday,Monsoon,0,58,240.33
HH0721,Al-Madina General Store,General Store,3,2,2.9,9.2,23.1,0.0,0.38,9.1,11,0.0,0.0,27.6,Wednesday,Monsoon,0,48,10.79
HH0722,Tariq Baig,Independent House,7,6,8.8,6.7,22.2,0.51,0.29,8.0,8,0.0,0.0,,Wednesday,Summer,0,33,31.11
HH0723,Rukhsana Hussain,Apartment,4,3,1.5,13.5,21.9,2.81,0.44,6.1,12,0.0,0.0,26.3,Sunday,Monsoon,1,35,16.9
HH0724,Komal Awan,Villa,4,8,0.0,5.6,23.5,0.21,0.41,8.7,8,0.0,0.0,23.0,Wednesday,Monsoon,0,30,13.62
HH0725,Sapphire Retail Outlet,Outlet,9,2,2.6,4.8,24.0,0.0,0.4,9.2,9,0.0,0.0,14.1,Monday,Winter,0,72,14.33
HH0726,Zainab Ali,Apartment,1,3,9.5,15.3,23.5,1.39,0.51,5.2,13,0.0,0.0,41.7,Saturday,Summer,1,35,26.69
HH0727,Fahad Farooq,Independent House,5,5,0.0,8.5,23.5,0.92,0.54,6.3,12,0.0,0.0,11.4,Wednesday,Winter,1,33,17.26
HH0728,Lahore Plastic Factory,Factory,110,13,18.1,10.7,22.5,0.0,4.91,13.3,17,34.6,12.3,40.2,Saturday,Summer,1,82,352.16
HH0729,Fahad Malik,Villa,5,6,2.8,7.6,23.3,0.48,0.52,9.5,6,0.0,0.0,28.1,Tuesday,Monsoon,0,30,17.63
HH0730,Star Textile Industry,Industry,64,8,7.5,4.8,22.7,0.0,2.78,10.8,27,77.6,9.1,35.4,Thursday,Summer,0,58,479.83
HH0731,Noor General Store,General Store,2,2,2.4,5.1,24.0,0.0,0.13,9.0,16,0.0,0.0,17.4,Friday,Winter,0,48,15.14
HH0732,Nadeem Khan,Apartment,3,3,9.3,13.9,22.2,1.25,0.51,5.0,11,0.0,0.0,41.3,Friday,Summer,0,35,24.44
HH0733,Sara Sultan,Villa,7,6,8.2,8.1,23.1,0.2,0.4,8.2,14,0.0,0.0,40.1,Friday,Summer,0,30,29.36
HH0734,Waqas Soomro,Apartment,1,1,11.7,11.8,23.6,0.03,0.37,6.3,11,0.0,0.0,42.3,Monday,Summer,0,35,26.56
HH0735,Rukhsana Butt,Independent House,7,7,5.2,9.6,22.8,0.8,0.67,8.2,6,0.0,0.0,38.4,Tuesday,Summer,0,33,27.15
HH0736,Al-Karam Store,General Store,1,3,2.8,5.8,22.9,0.0,0.2,6.7,16,0.0,0.0,5.0,Thursday,Winter,0,48,13.19
HH0737,Sialkot Sports Factory,Factory,110,13,11.7,9.6,23.6,0.0,4.53,15.0,20,21.8,10.7,41.8,Thursday,Summer,0,82,229.93
HH0738,Fahad Durrani,Apartment,5,2,4.5,8.9,23.1,0.72,0.49,4.4,8,0.0,0.0,30.9,Friday,Monsoon,0,35,17.41
HH0739,Sadiq General Store,General Store,4,1,2.3,5.8,23.4,0.0,0.58,6.2,10,0.0,0.0,15.2,Wednesday,Winter,0,48,12.3
HH0740,Sialkot Sports Industry,Industry,58,6,8.5,5.9,23.6,0.0,2.76,10.5,14,77.5,6.3,26.4,Friday,Summer,0,58,342.54
HH0741,Amna Ahmed,Apartment,2,1,4.9,10.8,22.1,2.29,0.69,6.4,5,0.0,0.0,31.3,Saturday,Monsoon,1,35,15.02
HH0742,Komal Mirza,Independent House,2,5,0.8,8.5,23.0,0.64,0.14,10.5,7,0.0,0.0,25.8,Friday,Spring,0,33,15.5
HH0743,Faizan General Store,General Store,2,3,13.8,11.3,23.5,0.0,0.39,11.8,22,0.0,0.0,41.1,Monday,Summer,0,48,33.71
HH0744,Bushra Farooq,Villa,6,9,2.2,5.4,23.8,1.57,0.42,8.9,12,0.0,0.0,26.2,Friday,Spring,0,30,22.44
HH0745,Uzma Bhatti,Villa,6,8,7.9,10.7,22.2,0.94,0.31,7.4,11,0.0,0.0,34.5,Sunday,Summer,1,30,31.97
HH0746,Kashif Ahmed,Independent House,5,3,8.2,14.1,23.2,0.43,0.75,4.1,8,0.0,0.0,37.3,Thursday,Summer,0,33,21.48
HH0747,Kashif Niazi,Independent House,6,6,5.1,9.1,23.6,0.63,0.37,6.3,9,0.0,0.0,33.1,Monday,Summer,0,33,21.8
HH0748,National Leather Industry,Industry,26,7,5.4,11.9,22.3,0.0,1.4,11.7,11,53.9,8.9,24.9,Tuesday,Spring,0,58,323.02
HH0749,Rizwan Siddiqui,Apartment,5,4,0.0,9.9,23.1,0.34,0.39,7.2,4,0.0,0.0,10.5,Tuesday,Winter,0,35,12.07
HH0750,Fahad Zaidi,Villa,8,7,10.1,15.9,23.3,0.79,0.62,9.8,11,0.0,0.0,37.3,Saturday,Summer,1,30,36.57
HH0751,Bata Shoe Outlet,Outlet,4,5,5.1,7.7,23.8,0.0,0.59,15.0,29,0.0,0.0,22.2,Sunday,Spring,1,72,26.08
HH0752,Bismillah Kiryana Store,General Store,4,2,1.0,3.6,23.4,0.0,0.34,12.1,15,0.0,0.0,12.5,Tuesday,Winter,0,48,10.14
HH0753,Zeeshan Yousaf,Apartment,4,4,3.5,4.9,23.4,0.7,0.53,7.4,8,0.0,0.0,28.7,Saturday,Spring,1,35,15.24
HH0754,Faisal Durrani,Independent House,4,5,7.1,9.8,21.9,0.57,0.54,9.4,11,0.0,0.0,37.6,Tuesday,Summer,0,33,26.43
HH0755,Outfitters Outlet,Outlet,5,2,7.3,4.3,22.4,0.0,0.4,11.4,8,0.0,0.0,28.6,Sunday,Monsoon,1,72,16.59
HH0756,Nadia Iqbal,Apartment,2,3,8.5,12.7,23.7,0.55,0.11,6.1,10,0.0,0.0,38.2,Friday,Summer,0,35,21.7
HH0757,New Metro Store,General Store,2,2,5.7,12.6,22.4,0.0,0.41,9.1,17,0.0,0.0,32.1,Thursday,Spring,0,48,20.04
HH0758,Punjab Oil Factory,Factory,102,13,14.0,12.3,22.1,0.0,4.21,14.6,12,34.7,10.3,38.5,Tuesday,Summer,0,82,301.59
HH0759,Faizan General Store,General Store,3,4,9.1,11.3,23.3,0.0,0.54,13.5,20,0.0,0.0,35.8,Sunday,Summer,1,48,29.8
HH0760,Rizwan Zaidi,Villa,5,5,1.9,7.4,22.9,0.72,0.4,7.4,7,0.0,0.0,25.4,Wednesday,Monsoon,0,30,16.14
HH0761,New Metro Store,General Store,1,4,9.3,7.6,23.3,0.0,0.41,10.4,20,0.0,0.0,36.0,Tuesday,Summer,1,48,26.41
HH0762,Farah Chaudhry,Apartment,3,5,6.5,7.6,23.2,0.63,0.41,7.1,10,0.0,0.0,38.5,Saturday,Summer,1,35,22.74
HH0763,Saima Qureshi,Apartment,2,4,9.1,13.8,23.1,0.44,0.1,4.6,12,0.0,0.0,36.6,Tuesday,Summer,1,35,25.63
HH0764,Arslan Sultan,Apartment,1,1,7.2,9.3,23.5,0.18,0.4,4.8,13,0.0,0.0,35.4,Monday,Summer,1,35,19.53
HH0765,Al-Hamd Textile Factory,Factory,125,13,13.1,14.2,23.6,0.0,5.4,14.3,23,41.2,8.8,38.4,Wednesday,Summer,0,82,317.84
HH0766,Junaid Farooq,Apartment,4,4,3.5,8.9,22.1,0.72,0.56,7.7,13,0.0,0.0,25.0,Sunday,Spring,1,35,16.46
HH0767,Sajjad Hashmi,Apartment,4,5,9.1,9.2,22.6,0.27,0.27,9.2,9,0.0,0.0,43.2,Tuesday,Summer,0,35,26.27
HH0768,Ahmed Bhatti,Apartment,4,4,10.4,13.3,22.6,0.53,0.36,5.9,13,0.0,0.0,41.2,Sunday,Summer,1,35,59.74
HH0769,Al-Karam Store,General Store,3,2,1.8,2.8,22.0,0.0,0.23,11.0,28,0.0,0.0,14.8,Saturday,Winter,1,48,18.48
HH0770,Rukhsana Baloch,Apartment,5,2,0.0,9.2,22.7,0.05,0.25,6.9,4,0.0,0.0,13.9,Thursday,Spring,0,35,9.08
HH0771,Chase Value Outlet,Outlet,4,4,1.6,8.0,23.4,0.0,0.48,12.2,19,0.0,0.0,21.9,Friday,Spring,0,72,22.81
HH0772,Fatima Mirza,Independent House,2,4,7.1,12.9,22.7,0.4,0.35,6.0,10,0.0,0.0,40.6,Thursday,Summer,0,33,20.37
HH0773,New Metro Store,General Store,1,2,9.3,12.8,23.0,0.0,0.48,14.2,23,0.0,0.0,37.7,Thursday,Summer,0,48,26.11
HH0774,Nadeem Chaudhry,Apartment,4,4,0.0,7.6,23.8,0.48,0.41,5.0,12,0.0,0.0,22.5,Monday,Spring,0,35,12.61
HH0775,Bilal Ahmed,Independent House,2,2,2.7,13.7,22.4,0.29,0.1,5.5,14,0.0,0.0,26.6,Thursday,Monsoon,0,33,16.7
HH0776,Noor General Store,General Store,1,4,6.8,5.8,23.1,0.0,0.45,11.9,23,0.0,0.0,34.8,Sunday,Summer,1,48,23.28
HH0777,Sadiq General Store,General Store,3,2,1.3,6.8,23.0,0.0,0.56,9.5,14,0.0,0.0,16.1,Thursday,Winter,0,48,14.3
HH0778,Al-Madina General Store,General Store,3,1,10.0,7.5,22.4,0.0,0.68,10.8,23,0.0,0.0,43.9,Sunday,Summer,1,48,26.93
HH0779,Hussain Ahmed,Apartment,4,5,4.2,11.3,23.2,1.12,0.32,8.4,9,0.0,0.0,30.4,Thursday,Monsoon,0,35,23.19
HH0780,Faisal Durrani,Villa,3,6,7.5,9.3,23.7,0.52,0.4,7.5,6,0.0,0.0,37.5,Friday,Summer,0,30,23.25
HH0781,Uzma Yousaf,Apartment,3,2,1.8,7.9,23.6,0.91,0.45,8.6,4,0.0,0.0,20.9,Monday,Winter,1,35,10.23
HH0782,Hamza Sultan,Independent House,7,5,5.1,6.9,23.4,0.54,0.48,7.6,10,0.0,0.0,36.4,Monday,Summer,0,33,20.39
HH0783,Al-Noor Plastic Industry,Industry,74,9,4.6,2.4,22.1,0.0,3.08,12.1,23,58.6,11.7,14.0,Friday,Winter,0,58,466.29
HH0784,Al-Fatah Outlet,Outlet,7,4,6.2,7.1,23.0,0.0,0.6,7.1,9,0.0,0.0,28.1,Saturday,Monsoon,1,72,20.3
HH0785,Saima Chaudhry,Apartment,4,2,6.6,7.1,22.3,0.61,0.42,6.4,6,0.0,0.0,37.7,Sunday,Summer,1,35,19.02
HH0786,Hamza Rana,Independent House,7,4,0.0,8.9,24.0,1.19,0.65,9.0,8,0.0,0.0,15.9,Tuesday,Winter,0,33,13.82
HH0787,Rehman Kiryana Store,General Store,1,4,10.9,13.1,24.0,0.0,0.5,13.8,25,0.0,0.0,39.2,Saturday,Summer,1,48,35.44
HH0788,Komal Sheikh,Apartment,4,4,0.0,11.8,22.8,1.13,0.42,6.8,6,0.0,0.0,13.4,Wednesday,Winter,0,35,13.38
HH0789,Uzma Rathore,Independent House,4,4,0.0,8.4,22.9,0.05,0.46,9.9,11,0.0,0.0,12.6,Friday,Winter,1,33,13.48
HH0790,Danish Rana,Independent House,2,3,0.0,6.2,22.7,0.41,0.23,6.4,5,0.0,0.0,21.8,Monday,Spring,0,33,10.92
HH0791,Al-Karim Garments Factory,Factory,80,10,12.1,9.9,22.3,0.0,3.41,14.9,19,93.5,6.6,28.3,Saturday,Spring,1,82,442.89
HH0792,Junaid Jamshed Outlet,Outlet,5,5,2.9,9.6,22.8,0.0,0.41,9.4,17,0.0,0.0,21.3,Tuesday,Spring,0,72,20.71
HH0793,Hassan Baig,Villa,7,6,0.0,2.2,22.9,0.6,0.48,7.9,4,0.0,0.0,15.4,Sunday,Winter,1,30,10.28
HH0794,Hamza Javed,Apartment,1,3,0.0,7.2,22.5,0.53,0.29,8.8,9,0.0,0.0,13.6,Saturday,Winter,1,35,8.91
HH0795,Salman Malik,Apartment,4,3,11.5,14.7,22.9,2.03,0.42,7.9,8,0.0,0.0,45.0,Saturday,Summer,1,35,56.88
HH0796,Bilal Chaudhry,Independent House,5,4,0.9,10.1,22.5,1.06,0.58,6.7,6,0.0,0.0,26.3,Wednesday,Spring,0,33,14.47
HH0797,Fatima Gill,Apartment,1,1,2.7,7.5,22.4,1.3,0.29,6.6,6,0.0,0.0,23.8,Saturday,Spring,1,35,12.03
HH0798,Noor Sultan,Apartment,3,3,4.2,10.7,23.2,0.3,0.4,4.0,10,0.0,0.0,30.6,Monday,Summer,0,35,17.5
HH0799,Mehwish Iqbal,Independent House,2,2,11.1,7.9,22.7,0.02,0.23,6.2,5,0.0,0.0,46.1,Wednesday,Summer,1,33,23.43
HH0800,Sadia Soomro,Independent House,6,6,10.9,12.9,22.8,2.06,0.81,7.5,8,0.0,0.0,44.0,Thursday,Summer,0,33,36.33
HH0801,Al-Hamd Textile Factory,Factory,85,12,2.4,14.6,23.7,0.0,3.61,15.9,28,51.6,6.3,15.6,Wednesday,Winter,0,82,266.13
HH0802,Noor General Store,General Store,2,3,9.8,13.9,22.9,0.0,0.26,12.5,14,0.0,0.0,33.8,Monday,Summer,0,48,29.98
HH0803,Hamza Farooq,Independent House,4,3,6.4,7.8,24.0,0.43,0.61,5.7,12,0.0,0.0,31.6,Friday,Monsoon,1,33,23.38
HH0804,Sadiq General Store,General Store,1,1,4.0,8.7,24.0,0.0,0.43,11.9,10,0.0,0.0,21.3,Saturday,Monsoon,1,48,14.41
HH0805,Al-Noor Plastic Industry,Industry,68,7,10.9,7.9,21.9,0.0,3.18,14.6,8,14.4,10.4,41.7,Sunday,Summer,1,58,148.03
HH0806,Zeeshan Bhatti,Apartment,4,5,4.1,12.2,23.4,0.56,0.55,7.0,7,0.0,0.0,33.7,Monday,Monsoon,0,35,20.03
HH0807,Noor General Store,General Store,1,1,2.7,2.4,24.0,0.0,0.45,11.6,17,0.0,0.0,15.6,Friday,Winter,0,48,12.55
HH0808,Sara Mirza,Apartment,2,1,8.2,,22.9,1.1,0.5,7.6,13,0.0,0.0,40.9,Monday,Summer,0,35,21.74
HH0809,Zainab Soomro,Independent House,4,5,7.2,10.1,22.6,0.52,0.38,8.3,5,0.0,0.0,37.6,Monday,Summer,0,33,23.61
HH0810,Shahzad Yousaf,Independent House,6,6,1.8,9.8,22.7,0.64,0.62,6.2,8,0.0,0.0,25.7,Sunday,Spring,1,33,16.89
HH0811,Muhammad Gill,Apartment,5,3,6.6,12.3,23.3,0.37,0.47,4.9,11,0.0,0.0,39.1,Thursday,Summer,0,35,23.53
HH0812,Punjab Oil Factory,Factory,90,12,10.0,9.5,23.8,0.0,4.01,12.2,10,117.3,13.7,34.3,Tuesday,Summer,0,82,1038.21
HH0813,Nadeem Raza,Villa,4,7,4.4,10.7,23.2,0.51,0.26,9.9,10,0.0,0.0,25.6,Saturday,Spring,1,30,22.59
HH0814,Mahnoor Rana,Apartment,5,4,2.4,9.8,22.7,0.73,0.44,8.1,5,0.0,0.0,24.1,Thursday,Spring,0,35,15.34
HH0815,Al-Karam Store,General Store,2,1,11.3,10.3,23.3,0.0,0.47,9.5,23,0.0,0.0,40.9,Monday,Summer,0,48,28.73
HH0816,Faisal Ali,Independent House,5,6,8.1,10.6,22.1,0.33,0.53,10.2,6,0.0,0.0,43.1,Wednesday,Summer,0,33,26.47
HH0817,National Leather Industry,Industry,36,9,8.9,8.6,22.7,0.0,1.66,11.6,26,50.2,11.7,28.4,Sunday,Monsoon,1,58,399.88
HH0818,Bata Shoe Outlet,Outlet,5,5,1.9,8.0,22.6,0.0,0.2,9.0,9,0.0,0.0,21.4,Thursday,Spring,0,72,16.22
HH0819,Metro Engineering Industry,Industry,79,8,6.6,5.9,22.4,0.0,3.42,16.8,20,67.0,9.2,26.1,Thursday,Monsoon,0,58,428.71
HH0820,Uzma Malik,Independent House,3,4,7.1,10.5,23.4,0.16,0.39,6.1,12,0.0,0.0,38.0,Friday,Summer,0,33,21.42
HH0821,Fatima Gill,Apartment,3,2,1.8,,22.0,0.65,0.35,4.1,5,0.0,0.0,26.4,Saturday,Monsoon,1,35,10.88
HH0822,Shahzad Rana,Independent House,2,3,3.1,9.1,23.4,1.05,0.38,,7,0.0,0.0,28.3,Thursday,Monsoon,0,33,13.62
HH0823,Fatima Sheikh,Apartment,5,5,0.0,7.4,23.0,0.77,0.29,6.1,6,0.0,0.0,16.7,Monday,Winter,0,35,12.87
HH0824,Naveed Mirza,Independent House,5,3,0.0,6.8,21.9,0.27,0.47,5.8,4,0.0,0.0,18.6,Thursday,Winter,0,33,7.03
HH0825,Gul Ahmed Outlet,Outlet,4,2,5.3,14.0,23.5,0.0,0.66,12.8,14,0.0,0.0,36.7,Thursday,Summer,0,72,21.93
HH0826,Saad Bhatti,Independent House,6,4,,11.8,22.9,1.46,0.62,8.3,5,0.0,0.0,34.8,Saturday,Summer,1,33,25.46
HH0827,Noor Abbasi,Apartment,4,4,5.9,9.4,23.3,0.54,0.62,8.3,13,0.0,0.0,27.2,Sunday,Spring,1,35,22.43
HH0828,Al-Rehman General Store,General Store,1,1,8.3,10.8,24.0,0.0,0.23,12.3,28,0.0,0.0,37.9,Tuesday,Summer,0,48,26.35
HH0829,Sapphire Retail Outlet,Outlet,4,2,4.1,11.4,21.8,0.0,0.3,12.0,11,0.0,0.0,23.0,Monday,Monsoon,0,72,16.79
HH0830,Rehman Kiryana Store,General Store,4,1,12.9,15.4,22.7,0.0,0.48,10.7,21,0.0,0.0,43.5,Saturday,Summer,1,48,29.31
HH0831,Sidra Mirza,Apartment,5,3,0.0,5.4,23.3,0.22,0.31,8.4,5,0.0,0.0,16.5,Wednesday,Winter,0,35,9.77
HH0832,Zeeshan Butt,Villa,7,8,0.0,5.5,23.6,0.74,0.38,8.8,7,0.0,0.0,15.3,Thursday,Winter,0,30,15.46
HH0833,Imran Farooq,Apartment,2,3,7.0,11.2,22.7,1.37,0.43,3.9,7,0.0,0.0,34.2,Sunday,Summer,1,35,21.37
HH0834,Ayesha Malik,Villa,3,8,0.0,13.1,23.4,0.07,0.36,6.4,13,0.0,0.0,18.8,Monday,Winter,0,30,18.87
HH0835,Al-Fatah Outlet,Outlet,6,4,2.8,3.4,22.5,0.0,0.69,13.6,23,0.0,0.0,15.3,Wednesday,Winter,0,72,15.24
HH0836,Komal Rana,Apartment,3,2,4.6,11.1,23.0,1.47,0.3,4.2,9,0.0,0.0,30.6,Sunday,Summer,1,35,16.49
HH0837,Shahzad Mirza,Apartment,1,1,7.6,12.3,23.8,3.83,0.28,3.0,4,0.0,0.0,35.2,Sunday,Summer,1,35,17.04
HH0838,Fatima Hashmi,Apartment,1,4,8.4,7.3,23.0,0.35,0.36,6.7,12,0.0,0.0,45.6,Friday,Summer,0,35,21.72
HH0839,Farah Hussain,Villa,5,7,6.7,4.1,23.1,0.78,0.49,10.1,4,0.0,0.0,38.7,Wednesday,Summer,0,30,27.2
HH0840,Arslan Sheikh,Independent House,4,6,11.3,12.8,23.4,1.23,0.24,5.9,10,0.0,0.0,40.0,Sunday,Summer,1,33,35.79
HH0841,Adnan Awan,Villa,8,9,6.4,7.6,22.6,0.75,0.37,9.0,13,0.0,0.0,38.0,Thursday,Summer,0,30,30.6
HH0842,Noor General Store,General Store,3,2,7.5,10.5,23.8,0.0,0.2,11.0,29,0.0,0.0,37.1,Thursday,Summer,0,48,25.2
HH0843,Waqas Hussain,Apartment,4,4,0.0,10.4,23.6,0.18,0.48,10.4,10,0.0,0.0,24.6,Friday,Spring,1,35,13.62
HH0844,Sapphire Retail Outlet,Outlet,3,3,2.4,6.6,23.3,0.0,0.44,13.3,21,0.0,0.0,22.6,Wednesday,Spring,0,72,20.53
HH0845,Ayesha Malik,Villa,8,7,0.0,13.3,24.0,3.24,0.58,10.7,8,0.0,0.0,21.0,Thursday,Winter,0,30,18.43
HH0846,Kashif Sultan,Apartment,2,4,,15.2,22.5,1.08,0.33,7.3,9,0.0,0.0,34.1,Friday,Summer,0,35,23.43
HH0847,Al-Aziz Industry,Industry,25,9,6.5,12.7,24.0,0.0,1.18,12.1,24,65.9,14.2,26.0,Saturday,Summer,1,58,606.92
HH0848,Outfitters Outlet,Outlet,6,2,11.7,10.7,22.8,0.0,0.3,13.3,12,0.0,0.0,40.0,Sunday,Summer,1,72,30.02
HH0849,Rimsha Baloch,Apartment,1,1,0.0,7.4,23.6,1.29,0.26,6.6,11,0.0,0.0,5.9,Saturday,Winter,1,35,7.35
HH0850,Tariq Farooq,Apartment,1,3,0.0,0.6,22.9,0.33,0.51,6.6,7,0.0,0.0,12.1,Monday,Winter,0,35,9.48
HH0851,Maria Rathore,Apartment,1,2,3.2,8.7,23.3,0.71,0.1,7.1,6,0.0,0.0,29.6,Saturday,Monsoon,1,35,13.27
HH0852,Kamran Zaidi,Independent House,6,7,8.4,13.6,22.8,0.27,0.63,6.0,5,0.0,0.0,39.5,Thursday,Summer,0,33,27.46
HH0853,Danish Ali,Apartment,5,5,0.0,4.7,21.5,0.88,0.59,,8,0.0,0.0,10.7,Saturday,Winter,1,35,11.21
HH0854,Rehman Kiryana Store,General Store,4,4,9.7,12.5,22.5,0.0,0.66,11.5,26,0.0,0.0,41.2,Sunday,Summer,1,48,34.09
HH0855,Punjab Rice Industry,Industry,55,9,7.1,13.9,23.9,0.0,2.46,12.2,15,17.0,13.0,29.7,Sunday,Monsoon,1,58,189.51
HH0856,Saima Yousaf,Independent House,6,6,5.7,10.3,22.6,0.77,0.67,8.6,6,0.0,0.0,34.0,Sunday,Summer,1,33,21.87
